Time (s),Normal Strain,Shear Strain
0,0,0.0035
0.001,1.2566287931117903e-05,0.00349993091299648
0.002,2.5132079766705217e-05,0.0034997236547133566
0.003,3.769687943081635e-05,0.0034993782333328314
0.004,5.026019088667496e-05,0.0034988946624915497
0.005,6.282151815625659e-05,0.0034982729612800605
0.006,7.538036533986909e-05,0.003497513154242062
0.007,8.79362366357298e-05,0.0034966152713734365
0.008,0.00010048863635953911,0.003495579348121061
0.009000000000000001,0.00011303706896404907,0.0034944054253814127
0.01,0.00012558103905862674,0.0034930935494989503
0.011,0.00013812005142881155,0.0034916437722642885
0.012,0.00015065361105586544,0.0034900561509121487
0.013000000000000001,0.00016318122313631512,0.0034883307481191044
0.014,0.00017570239310148633,0.003486467632001104
0.015,0.00018821662663702862,0.00348446687611078
0.016,0.0002007234297024298,0.0034823285594345506
0.017,0.00021322230855051982,0.003480052766389496
0.018000000000000002,0.0002257127697469634,0.0034776395868200295
0.019,0.00023819432018973947,0.003475089115994348
0.02,0.0002506664671286085,0.0034724014546006726
0.021,0.000263128718184565,0.003469576708743273
0.022,0.0002755805813692761,0.003466614989938279
0.023,0.00028802156510450433,0.003463516415109279
0.024,0.00030045117824151413,0.003460281106582699
0.025,0.00031286893008046176,0.003456909192082982
0.026000000000000002,0.0003252743303897672,0.003453400804727538
0.027,0.00033766688942546777,0.0034497560830214933
0.028,0.00035004611795055206,0.003445975170852219
0.029,0.00036241152725427473,0.003442058217483654
0.03,0.0003747626291714492,0.0034380053775504107
0.031,0.0003870989361017205,0.0034338168110516695
0.032,0.00039941996102881407,0.003429492683344864
0.033,0.00041172521753976267,0.0034250331651391524
0.034,0.00042401421984410924,0.0034204384324886773
0.035,0.00043628648279308516,0.0034157086667856162
0.036000000000000004,0.0004485415218987624,0.00341084405475302
0.037,0.00046077885335318115,0.0034058447884374433
0.038,0.00047299799404744935,0.003400711065201359
0.039,0.00048519846159081483,0.0033954430877153703
0.04,0.0004973797743297096,0.003390041063950209
0.041,0.0005095414513667644,0.003384505207168523
0.042,0.0005216830125797939,0.0033788357359164586
0.043000000000000003,0.0005338039786407511,0.003373032874015034
0.044,0.0005459038710346504,0.003367096850551301
0.045,0.0005579822120784586,0.003361027899869301
0.046,0.0005700385249399522,0.003354826261560816
0.047,0.0005820723336565437,0.0033484921804559065
0.048,0.0005940831631540698,0.003342025906613251
0.049,0.0006060705392655479,0.003335427695310266
0.05,0.0006180339887498948,0.003328697807033038
0.051000000000000004,0.0006299730393106096,0.0033218365074660313
0.052000000000000005,0.000641887219614419,0.003314844067481605
0.053,0.0006537760593098849,0.0033077207631293172
0.054,0.0006656390890459733,0.0033004668756250258
0.055,0.0006774758404905827,0.0032930826913397894
0.056,0.0006892858463490341,0.00328556850178856
0.057,0.0007010686403825181,0.0032779246036186735
0.058,0.0007128237574265015,0.0032701512985981425
0.059000000000000004,0.0007245507334090914,0.0032622488936037385
0.06,0.0007362491053693558,0.0032542177006088797
0.061,0.0007479184114756007,0.003246058036671315
0.062,0.0007595581910436022,0.003237770223920603
0.063,0.0007711679845547931,0.0032293545895454023
0.064,0.0007827473336744049,0.0032208114657805466
0.065,0.0007942957812695613,0.0032121411898939343
0.066,0.0008058128714273253,0.0032033441041732116
0.067,0.000817298149472698,0.00319442055591226
0.068,0.0008287511619865683,0.0031853708973974847
0.069,0.0008401714568236125,0.003176195485893909
0.07,0.0008515585831301455,0.0031668946836310684
0.07100000000000001,0.0008629120913619181,0.0031574688577887095
0.07200000000000001,0.0008742315333018659,0.0031479183804822984
0.073,0.0008855164620778029,0.003138243628748326
0.074,0.0008967664321800645,0.0031284449845294235
0.075,0.0009079809994790935,0.0031185228346592877
0.076,0.0009191597212429756,0.003108477570847406
0.077,0.0009303021561549166,0.0030983095896635936
0.078,0.0009414078643306651,0.0030880192925223367
0.079,0.0009524764073358782,0.003077607085666947
0.08,0.0009635073482034307,0.003067073380153523
0.081,0.0009745002514506645,0.003056418591834721
0.082,0.0009854546830965832,0.00304564314134334
0.083,0.0009963702106789815,0.0030347474540757154
0.084,0.0010072464032715217,0.003023731960174924
0.085,0.0010180828315007426,0.0030125970945138027
0.08600000000000001,0.0010288790675630128,0.0030013432966777827
0.08700000000000001,0.0010396346852414192,0.002989971010947533
0.088,0.0010503492599225912,0.002978480686281422
0.089,0.001061022368613468,0.002966872776297792
0.09,0.0010716535899579934,0.002955147739257053
0.091,0.0010822425042537516,0.0029433060380435923
0.092,0.0010927886934685384,0.0029313481401474963
0.093,0.0011032917412568603,0.0029192745176460995
0.094,0.0011137512329763759,0.0029070856471853446
0.095,0.0011241667557042611,0.002894782009960966
0.096,0.0011345378982535132,0.0028823640916994966
0.097,0.0011448642511891819,0.002869832382639083
0.098,0.0011551454068445353,0.0028571873775101444
0.099,0.0011653809593371522,0.0028444295755158293
0.1,0.0011755705045849462,0.002831559480312316
0.101,0.0011857136403221184,0.002818577599988927
0.10200000000000001,0.0011958099661150377,0.002805484447048068
0.10300000000000001,0.0012058590833780494,0.0027922805383849983
0.10400000000000001,0.001215860595389211,0.0027789663952674233
0.105,0.0012258141073059527,0.002765542543314917
0.106,0.0012357192261806687,0.002752009512478167
0.107,0.0012455755609762252,0.002738367837018059
0.108,0.001255382722581401,0.002724618055484582
0.109,0.001265140323826249,0.0027107607106955684
0.11,0.0012748479794973792,0.0026967963497152624
0.111,0.0012845053063531688,0.0026827255238327245
0.112,0.0012941119231388884,0.0026685487885400685
0.113,0.0013036674506017576,0.002654266703510526
0.114,0.001313171511505913,0.002639879832576364
0.115,0.0013226237306473037,0.002625388743706609
0.116,0.0013320237348685034,0.0026107940089846377
0.117,0.00134137115307344,0.002596096204585587
0.11800000000000001,0.001350665616242049,0.0025812959107536088
0.11900000000000001,0.0013599067574448385,0.0025663937117789597
0.12,0.0013690942118573773,0.00255139019597494
0.121,0.001378227616774697,0.0025362859556546644
0.122,0.0013873066116256098,0.0025210815871076746
0.123,0.0013963308379869453,0.0025057776905764097
0.124,0.0014052999395976985,0.002490374870232499
0.125,0.001414213562373095,0.0024748737341529167
0.126,0.0014230713544185708,0.0024592748942959724
0.127,0.0014318729660436622,0.002443578966477154
0.128,0.001440618049775814,0.0024277865703448173
0.129,0.0014493062603740932,0.0024118983293557193
0.13,0.0014579372548428231,0.002395914870750411
0.131,0.00146651069244512,0.002379836825528468
0.132,0.0014750262347163479,0.002363664828423586
0.133,0.0014834835454774784,0.0023473995178785205
0.134,0.0014918822908483642,0.002331041536019881
0.135,0.0015002221392609193,0.0023145915286327816
0.136,0.0015085027614722074,0.0022980501451353476
0.137,0.0015167238305774438,0.0022814180385530756
0.138,0.0015248850220228958,0.002264695865493055
0.139,0.0015329860136186998,0.002247884286118046
0.14,0.0015410264855515786,0.0022309839641204135
0.14100000000000001,0.0015490061203974677,0.002213995566695936
0.14200000000000002,0.001556924603134047,0.0021969197645174523
0.14300000000000002,0.0015647816211531763,0.002179757231708394
0.14400000000000002,0.0015725768642732378,0.00216250864581617
0.145,0.0015803100247513806,0.0021451746877854173
0.146,0.0015879807972956706,0.0021277560419311198
0.147,0.001595588879077142,0.0021102533959115872
0.148,0.0016031339697417531,0.002092667440701317
0.149,0.0016106157714222437,0.0020749988705637077
0.15,0.001618033988749895,0.0020572483830236564
0.151,0.001625388328866188,0.0020394166788400164
0.152,0.0016326785014343678,0.0020215044619779367
0.153,0.0016399042186509046,0.0020035124395810693
0.154,0.001647065195256855,0.0019854413219436476
0.155,0.0016541611485491237,0.001967291822482458
0.156,0.0016611917983916252,0.0019490646577086587
0.157,0.0016681568672263422,0.0019307605471995065
0.158,0.0016750560800842832,0.0019123802135699423
0.159,0.001681889164596338,0.0018939243824440657
0.16,0.0016886558510040301,0.0018753937824264883
0.161,0.0016953558721701663,0.0018567891450735692
0.162,0.0017019889635893836,0.0018381112048645363
0.163,0.0017085548633985904,0.0018193606991724826
0.164,0.0017150533123873046,0.0018005383682352732
0.165,0.0017214840540078873,0.0017816449551262988
0.166,0.0017278468343856705,0.0017626812057251631
0.167,0.00173414140232898,0.0017436478686882182
0.168,0.0017403675093390514,0.0017245456954190206
0.169,0.0017465249096198403,0.001705375440038663
0.17,0.0017526133600877275,0.0016861378593560033
0.171,0.0017586326203811126,0.0016668337128377879
0.17200000000000001,0.0017645824528699065,0.0016474637625786635
0.17300000000000001,0.0017704626226649105,0.0016280287732711048
0.17400000000000002,0.0017762728976270892,0.0016085295121752066
0.17500000000000002,0.0017820130483767356,0.001588966749088414
0.176,0.0017876828483025275,0.0015693412563151145
0.177,0.0017932820735704715,0.0015496538086361554
0.178,0.001798810503132742,0.0015299051832782665
0.179,0.0018042679187364058,0.001510096159883356
0.18,0.0018096541049320391,0.001490227520477755
0.181,0.001814968849082234,0.0014703000494413227
0.182,0.0018202119413699913,0.001450314533476495
0.183,0.0018253831748070055,0.001430271761577222
0.184,0.0018304823452418351,0.0014101725249978196
0.185,0.0018355092513679624,0.0013900176172217322
0.186,0.0018404636947317405,0.0013698078339302083
0.187,0.0018453454797402295,0.0013495439729708891
0.188,0.001850154413668916,0.0013292268343263035
0.189,0.0018548903066693228,0.0013088572200823023
0.19,0.0018595529717765028,0.0012884359343963735
0.191,0.001864142224916422,0.0012679637834659104
0.192,0.001868657884913224,0.001247441575496378
0.193,0.0018730997734963848,0.0012268701206694067
0.194,0.0018774677153077482,0.0012062502311108098
0.195,0.0018817615379084509,0.0011855827208585197
0.196,0.001885981071785729,0.0011648684058304544
0.197,0.0018901261503596097,0.0011441081037922981
0.198,0.0018941966099894887,0.001123302634325234
0.199,0.0018981922899805892,0.001102452818793566
0.2,0.0019021130325903072,0.0010815594803123163
0.201,0.0019059586830344377,0.0010606234437147092
0.202,0.001909729089493286,0.0010396455355196222
0.203,0.001913424103117661,0.0010186265838989512
0.20400000000000001,0.0019170435780347518,0.0009975674186449162
0.20500000000000002,0.001920587371353886,0.0009764688711373034
0.20600000000000002,0.001924055343172172,0.0009553317743106377
0.20700000000000002,0.0019274473565800195,0.0009341569626213151
0.20800000000000002,0.0019307632776665478,0.0009129452720146381
0.209,0.00193400297552487,0.0008916975398918379
0.21,0.0019371663222572623,0.0008704146050769933
0.211,0.0019402531929802115,0.0008490973077839259
0.212,0.0019432634658293477,0.0008277464895830376
0.213,0.001946197021964253,0.0008063629933680667
0.214,0.0019490537455731543,0.0007849476633228351
0.215,0.0019518335238774946,0.0007635013448878997
0.216,0.001954536247136387,0.0007420248847271918
0.217,0.001957161808650944,0.0007205191306945849
0.218,0.0019597101047684937,0.0006989849318004247
0.219,0.001962181034886668,0.0006774231381780123
0.22,0.001964574501457377,0.000655834601050036
0.221,0.0019668904099906597,0.0006342201726949818
0.222,0.0019691286690584108,0.0006125807064134655
0.223,0.0019712891902979963,0.0005909170564945694
0.224,0.001973371888415736,0.0005692300781820932
0.225,0.0019753766811902757,0.0005475206276408085
0.226,0.001977303489475828,0.0005257895619226499
0.227,0.001979152237205302,0.0005040377389328826
0.228,0.0019809228513933026,0.0004822660173962331
0.229,0.0019826152621390133,0.0004604752568229884
0.23,0.001984229402628956,0.00043866631747506587
0.231,0.0019857652091396275,0.00041684006033204337
0.232,0.001987222621040017,0.00039499734705718655
0.233,0.001988601580793998,0.00037313903996341016
0.234,0.0019899020339626005,0.0003512660019792524
0.23500000000000001,0.00199112392920616,0.00032937909661480023
0.23600000000000002,0.001992267218286345,0.00030747918792760104
0.23700000000000002,0.00199333185606806,0.00028556714048855116
0.23800000000000002,0.001994317800521228,0.0002636438193477641
0.23900000000000002,0.0019952250127224505,0.00024171009000042122
0.24,0.0019960534568565433,0.00021976681835259753
0.241,0.00199680310021795,0.00019781487068708638
0.242,0.001997473913212035,0.00017585511362919383
0.243,0.0019980658693562496,0.00015388841411252734
0.244,0.0019985789452811784,0.00013191563934477244
0.245,0.001999013120731463,0.00010993765677344883
0.246,0.0019993683785666,8.795533405168235e-05
0.247,0.001999644704761618,6.596953900392806e-05
0.248,0.0019998420884076323,4.398113959173493e-05
0.249,0.0019999605217122744,2.1991003879456947e-05
0.25,0.002,4.2862637970157364e-19
0.251,0.0019999605217122744,-2.20E-05
0.252,0.0019998420884076323,-4.40E-05
0.253,0.001999644704761618,-6.60E-05
0.254,0.0019993683785666,-8.80E-05
0.255,0.001999013120731463,-0.000109938
0.256,0.0019985789452811784,-0.000131916
0.257,0.0019980658693562496,-0.000153888
0.258,0.001997473913212035,-0.000175855
0.259,0.00199680310021795,-0.000197815
0.26,0.0019960534568565433,-0.000219767
0.261,0.0019952250127224505,-0.00024171
0.262,0.001994317800521228,-0.000263644
0.263,0.00199333185606806,-0.000285567
0.264,0.001992267218286345,-0.000307479
0.265,0.00199112392920616,-0.000329379
0.266,0.0019899020339626005,-0.000351266
0.267,0.001988601580793998,-0.000373139
0.268,0.001987222621040017,-0.000394997
0.269,0.0019857652091396275,-0.00041684
0.27,0.0019842294026289555,-0.000438666
0.271,0.0019826152621390133,-0.000460475
0.272,0.0019809228513933026,-0.000482266
0.273,0.001979152237205302,-0.000504038
0.274,0.001977303489475828,-0.00052579
0.275,0.0019753766811902752,-0.000547521
0.276,0.001973371888415736,-0.00056923
0.277,0.0019712891902979963,-0.000590917
0.278,0.0019691286690584108,-0.000612581
0.279,0.0019668904099906593,-0.00063422
0.28,0.001964574501457377,-0.000655835
0.281,0.001962181034886668,-0.000677423
0.28200000000000003,0.0019597101047684937,-0.000698985
0.28300000000000003,0.001957161808650944,-0.000720519
0.28400000000000003,0.0019545362471363866,-0.000742025
0.28500000000000003,0.0019518335238774948,-0.000763501
0.28600000000000003,0.0019490537455731543,-0.000784948
0.28700000000000003,0.001946197021964253,-0.000806363
0.28800000000000003,0.0019432634658293477,-0.000827746
0.289,0.001940253192980212,-0.000849097
0.29,0.0019371663222572625,-0.000870415
0.291,0.0019340029755248703,-0.000891698
0.292,0.001930763277666548,-0.000912945
0.293,0.0019274473565800197,-0.000934157
0.294,0.001924055343172172,-0.000955332
0.295,0.001920587371353886,-0.000976469
0.296,0.001917043578034752,-0.000997567
0.297,0.001913424103117661,-0.001018627
0.298,0.0019097290894932862,-0.001039646
0.299,0.0019059586830344377,-0.001060623
0.3,0.0019021130325903074,-0.001081559
0.301,0.0018981922899805894,-0.001102453
0.302,0.0018941966099894887,-0.001123303
0.303,0.00189012615035961,-0.001144108
0.304,0.0018859810717857292,-0.001164868
0.305,0.0018817615379084509,-0.001185583
0.306,0.0018774677153077484,-0.00120625
0.307,0.0018730997734963848,-0.00122687
0.308,0.0018686578849132242,-0.001247442
0.309,0.001864142224916422,-0.001267964
0.31,0.0018595529717765028,-0.001288436
0.311,0.0018548903066693228,-0.001308857
0.312,0.001850154413668916,-0.001329227
0.313,0.0018453454797402297,-0.001349544
0.314,0.0018404636947317408,-0.001369808
0.315,0.0018355092513679626,-0.001390018
0.316,0.0018304823452418354,-0.001410173
0.317,0.0018253831748070058,-0.001430272
0.318,0.0018202119413699913,-0.001450315
0.319,0.001814968849082234,-0.0014703
0.32,0.001809654104932039,-0.001490228
0.321,0.0018042679187364056,-0.001510096
0.322,0.0017988105031327424,-0.001529905
0.323,0.001793282073570472,-0.001549654
0.324,0.001787682848302528,-0.001569341
0.325,0.0017820130483767358,-0.001588967
0.326,0.0017762728976270892,-0.00160853
0.327,0.0017704626226649105,-0.001628029
0.328,0.0017645824528699065,-0.001647464
0.329,0.0017586326203811126,-0.001666834
0.33,0.001752613360087727,-0.001686138
0.331,0.0017465249096198401,-0.001705375
0.332,0.0017403675093390514,-0.001724546
0.333,0.0017341414023289803,-0.001743648
0.334,0.001727846834385671,-0.001762681
0.335,0.0017214840540078873,-0.001781645
0.336,0.0017150533123873044,-0.001800538
0.337,0.0017085548633985904,-0.001819361
0.338,0.0017019889635893834,-0.001838111
0.339,0.0016953558721701663,-0.001856789
0.34,0.00168865585100403,-0.001875394
0.341,0.0016818891645963383,-0.001893924
0.342,0.0016750560800842835,-0.00191238
0.343,0.0016681568672263425,-0.001930761
0.34400000000000003,0.0016611917983916254,-0.001949065
0.34500000000000003,0.0016541611485491234,-0.001967292
0.34600000000000003,0.0016470651952568548,-0.001985441
0.34700000000000003,0.0016399042186509046,-0.002003512
0.34800000000000003,0.0016326785014343676,-0.002021504
0.34900000000000003,0.0016253883288661875,-0.002039417
0.35000000000000003,0.001618033988749895,-0.002057248
0.35100000000000003,0.001610615771422244,-0.002074999
0.352,0.0016031339697417538,-0.002092667
0.353,0.0015955888790771425,-0.002110253
0.354,0.001587980797295671,-0.002127756
0.355,0.001580310024751381,-0.002145175
0.356,0.001572576864273238,-0.002162509
0.357,0.0015647816211531765,-0.002179757
0.358,0.001556924603134047,-0.00219692
0.359,0.0015490061203974677,-0.002213996
0.36,0.0015410264855515786,-0.002230984
0.361,0.0015329860136186998,-0.002247884
0.362,0.0015248850220228962,-0.002264696
0.363,0.001516723830577444,-0.002281418
0.364,0.001508502761472208,-0.00229805
0.365,0.0015002221392609195,-0.002314592
0.366,0.0014918822908483644,-0.002331042
0.367,0.0014834835454774784,-0.0023474
0.368,0.0014750262347163479,-0.002363665
0.369,0.00146651069244512,-0.002379837
0.37,0.001457937254842823,-0.002395915
0.371,0.0014493062603740938,-0.002411898
0.372,0.0014406180497758142,-0.002427787
0.373,0.0014318729660436626,-0.002443579
0.374,0.001423071354418571,-0.002459275
0.375,0.0014142135623730952,-0.002474874
0.376,0.0014052999395976985,-0.002490375
0.377,0.0013963308379869453,-0.002505778
0.378,0.0013873066116256098,-0.002521082
0.379,0.0013782276167746967,-0.002536286
0.38,0.0013690942118573777,-0.00255139
0.381,0.0013599067574448388,-0.002566394
0.382,0.0013506656162420492,-0.002581296
0.383,0.0013413711530734403,-0.002596096
0.384,0.0013320237348685034,-0.002610794
0.385,0.0013226237306473037,-0.002625389
0.386,0.0013131715115059128,-0.00263988
0.387,0.0013036674506017574,-0.002654267
0.388,0.0012941119231388884,-0.002668549
0.389,0.001284505306353169,-0.002682726
0.39,0.0012748479794973796,-0.002696796
0.391,0.0012651403238262491,-0.002710761
0.392,0.0012553827225814012,-0.002724618
0.393,0.0012455755609762252,-0.002738368
0.394,0.0012357192261806687,-0.00275201
0.395,0.0012258141073059527,-0.002765543
0.396,0.0012158605953892106,-0.002778966
0.397,0.0012058590833780491,-0.002792281
0.398,0.0011958099661150375,-0.002805484
0.399,0.0011857136403221188,-0.002818578
0.4,0.0011755705045849464,-0.002831559
0.401,0.0011653809593371522,-0.00284443
0.402,0.0011551454068445353,-0.002857187
0.403,0.0011448642511891816,-0.002869832
0.404,0.001134537898253513,-0.002882364
0.405,0.001124166755704261,-0.002894782
0.406,0.0011137512329763757,-0.002907086
0.40700000000000003,0.0011032917412568599,-0.002919275
0.40800000000000003,0.0010927886934685386,-0.002931348
0.40900000000000003,0.0010822425042537518,-0.002943306
0.41000000000000003,0.0010716535899579934,-0.002955148
0.41100000000000003,0.001061022368613468,-0.002966873
0.41200000000000003,0.0010503492599225912,-0.002978481
0.41300000000000003,0.0010396346852414187,-0.002989971
0.41400000000000003,0.0010288790675630126,-0.003001343
0.41500000000000004,0.0010180828315007422,-0.003012597
0.41600000000000004,0.0010072464032715213,-0.003023732
0.417,0.0009963702106789818,-0.003034747
0.418,0.0009854546830965832,-0.003045643
0.419,0.0009745002514506653,-0.003056419
0.42,0.0009635073482034312,-0.003067073
0.421,0.0009524764073358788,-0.003077607
0.422,0.0009414078643306656,-0.003088019
0.423,0.000930302156154917,-0.00309831
0.424,0.000919159721242976,-0.003108478
0.425,0.0009079809994790937,-0.003118523
0.426,0.0008967664321800646,-0.003128445
0.427,0.0008855164620778031,-0.003138244
0.428,0.0008742315333018658,-0.003147918
0.429,0.0008629120913619186,-0.003157469
0.43,0.0008515585831301458,-0.003166895
0.431,0.0008401714568236129,-0.003176195
0.432,0.0008287511619865687,-0.003185371
0.433,0.0008172981494726983,-0.003194421
0.434,0.0008058128714273255,-0.003203344
0.435,0.0007942957812695613,-0.003212141
0.436,0.0007827473336744047,-0.003220811
0.437,0.000771167984554793,-0.003229355
0.438,0.0007595581910436028,-0.00323777
0.439,0.0007479184114756014,-0.003246058
0.44,0.0007362491053693563,-0.003254218
0.441,0.0007245507334090916,-0.003262249
0.442,0.0007128237574265016,-0.003270151
0.443,0.0007010686403825181,-0.003277925
0.444,0.0006892858463490341,-0.003285569
0.445,0.0006774758404905826,-0.003293083
0.446,0.0006656390890459731,-0.003300467
0.447,0.0006537760593098855,-0.003307721
0.448,0.0006418872196144195,-0.003314844
0.449,0.0006299730393106099,-0.003321837
0.45,0.000618033988749895,-0.003328698
0.451,0.0006060705392655481,-0.003335428
0.452,0.0005940831631540698,-0.003342026
0.453,0.0005820723336565436,-0.003348492
0.454,0.0005700385249399521,-0.003354826
0.455,0.0005579822120784583,-0.003361028
0.456,0.0005459038710346501,-0.003367097
0.457,0.0005338039786407515,-0.003373033
0.458,0.0005216830125797941,-0.003378836
0.459,0.0005095414513667646,-0.003384505
0.46,0.0004973797743297097,-0.003390041
0.461,0.00048519846159081483,-0.003395443
0.462,0.0004729979940474492,-0.003400711
0.463,0.00046077885335318094,-0.003405845
0.464,0.000448541521898762,-0.003410844
0.465,0.0004362864827930846,-0.003415709
0.466,0.0004240142198441096,-0.003420438
0.467,0.00041172521753976283,-0.003425033
0.468,0.0003994199610288141,-0.003429493
0.46900000000000003,0.00038709893610172055,-0.003433817
0.47000000000000003,0.00037476262917144915,-0.003438005
0.47100000000000003,0.0003624115272542745,-0.003442058
0.47200000000000003,0.00035004611795055174,-0.003445975
0.47300000000000003,0.0003376668894254673,-0.003449756
0.47400000000000003,0.00032527433038976667,-0.003453401
0.47500000000000003,0.000312868930080462,-0.003456909
0.47600000000000003,0.00030045117824151424,-0.003460281
0.47700000000000004,0.00028802156510450433,-0.003463516
0.47800000000000004,0.00027558058136927606,-0.003466615
0.47900000000000004,0.0002631287181845648,-0.003469577
0.48,0.0002506664671286091,-0.003472401
0.481,0.00023819432018973996,-0.003475089
0.482,0.00022571276974696374,-0.00347764
0.483,0.0002132223085505201,-0.003480053
0.484,0.00020072342970242995,-0.003482329
0.485,0.0001882166266370287,-0.003484467
0.486,0.0001757023931014863,-0.003486468
0.487,0.00016318122313631583,-0.003488331
0.488,0.00015065361105586609,-0.003490056
0.489,0.00013812005142881212,-0.003491644
0.49,0.00012558103905862717,-0.003493094
0.491,0.00011303706896404936,-0.003494405
0.492,0.00010048863635953933,-0.003495579
0.493,8.79362366357299e-05,-0.003496615
0.494,7.538036533986908e-05,-0.003497513
0.495,6.282151815625647e-05,-0.003498273
0.496,5.0260190886675624e-05,-0.003498895
0.497,3.769687943081692e-05,-0.003499378
0.498,2.5132079766705674e-05,-0.003499724
0.499,1.2566287931118255e-05,-0.003499931
0.5,2.4492935982947063e-19,-0.0035
0.501,-1.26E-05,-0.003499931
0.502,-2.51E-05,-0.003499724
0.503,-3.77E-05,-0.003499378
0.504,-5.03E-05,-0.003498895
0.505,-6.28E-05,-0.003498273
0.506,-7.54E-05,-0.003497513
0.507,-8.79E-05,-0.003496615
0.508,-0.000100489,-0.003495579
0.509,-0.000113037,-0.003494405
0.51,-0.000125581,-0.003493094
0.511,-0.00013812,-0.003491644
0.512,-0.000150654,-0.003490056
0.513,-0.000163181,-0.003488331
0.514,-0.000175702,-0.003486468
0.515,-0.000188217,-0.003484467
0.516,-0.000200723,-0.003482329
0.517,-0.000213222,-0.003480053
0.518,-0.000225713,-0.00347764
0.519,-0.000238194,-0.003475089
0.52,-0.000250666,-0.003472401
0.521,-0.000263129,-0.003469577
0.522,-0.000275581,-0.003466615
0.523,-0.000288022,-0.003463516
0.524,-0.000300451,-0.003460281
0.525,-0.000312869,-0.003456909
0.526,-0.000325274,-0.003453401
0.527,-0.000337667,-0.003449756
0.528,-0.000350046,-0.003445975
0.529,-0.000362412,-0.003442058
0.53,-0.000374763,-0.003438005
0.531,-0.000387099,-0.003433817
0.532,-0.00039942,-0.003429493
0.533,-0.000411725,-0.003425033
0.534,-0.000424014,-0.003420438
0.535,-0.000436286,-0.003415709
0.536,-0.000448542,-0.003410844
0.537,-0.000460779,-0.003405845
0.538,-0.000472998,-0.003400711
0.539,-0.000485198,-0.003395443
0.54,-0.00049738,-0.003390041
0.541,-0.000509541,-0.003384505
0.542,-0.000521683,-0.003378836
0.543,-0.000533804,-0.003373033
0.544,-0.000545904,-0.003367097
0.545,-0.000557982,-0.003361028
0.546,-0.000570039,-0.003354826
0.547,-0.000582072,-0.003348492
0.548,-0.000594083,-0.003342026
0.549,-0.000606071,-0.003335428
0.55,-0.000618034,-0.003328698
0.551,-0.000629973,-0.003321837
0.552,-0.000641887,-0.003314844
0.553,-0.000653776,-0.003307721
0.554,-0.000665639,-0.003300467
0.555,-0.000677476,-0.003293083
0.556,-0.000689286,-0.003285569
0.557,-0.000701069,-0.003277925
0.558,-0.000712824,-0.003270151
0.559,-0.000724551,-0.003262249
0.56,-0.000736249,-0.003254218
0.561,-0.000747918,-0.003246058
0.562,-0.000759558,-0.00323777
0.5630000000000001,-0.000771168,-0.003229355
0.5640000000000001,-0.000782747,-0.003220811
0.5650000000000001,-0.000794296,-0.003212141
0.5660000000000001,-0.000805813,-0.003203344
0.5670000000000001,-0.000817298,-0.003194421
0.5680000000000001,-0.000828751,-0.003185371
0.5690000000000001,-0.000840171,-0.003176195
0.5700000000000001,-0.000851559,-0.003166895
0.5710000000000001,-0.000862912,-0.003157469
0.5720000000000001,-0.000874232,-0.003147918
0.5730000000000001,-0.000885516,-0.003138244
0.5740000000000001,-0.000896766,-0.003128445
0.5750000000000001,-0.000907981,-0.003118523
0.5760000000000001,-0.00091916,-0.003108478
0.577,-0.000930302,-0.00309831
0.578,-0.000941408,-0.003088019
0.579,-0.000952476,-0.003077607
0.58,-0.000963507,-0.003067073
0.581,-0.0009745,-0.003056419
0.582,-0.000985455,-0.003045643
0.583,-0.00099637,-0.003034747
0.584,-0.001007246,-0.003023732
0.585,-0.001018083,-0.003012597
0.586,-0.001028879,-0.003001343
0.587,-0.001039635,-0.002989971
0.588,-0.001050349,-0.002978481
0.589,-0.001061022,-0.002966873
0.59,-0.001071654,-0.002955148
0.591,-0.001082243,-0.002943306
0.592,-0.001092789,-0.002931348
0.593,-0.001103292,-0.002919275
0.594,-0.001113751,-0.002907086
0.595,-0.001124167,-0.002894782
0.596,-0.001134538,-0.002882364
0.597,-0.001144864,-0.002869832
0.598,-0.001155145,-0.002857187
0.599,-0.001165381,-0.00284443
0.6,-0.001175571,-0.002831559
0.601,-0.001185714,-0.002818578
0.602,-0.00119581,-0.002805484
0.603,-0.001205859,-0.002792281
0.604,-0.001215861,-0.002778966
0.605,-0.001225814,-0.002765543
0.606,-0.001235719,-0.00275201
0.607,-0.001245576,-0.002738368
0.608,-0.001255383,-0.002724618
0.609,-0.00126514,-0.002710761
0.61,-0.001274848,-0.002696796
0.611,-0.001284505,-0.002682726
0.612,-0.001294112,-0.002668549
0.613,-0.001303667,-0.002654267
0.614,-0.001313172,-0.00263988
0.615,-0.001322624,-0.002625389
0.616,-0.001332024,-0.002610794
0.617,-0.001341371,-0.002596096
0.618,-0.001350666,-0.002581296
0.619,-0.001359907,-0.002566394
0.62,-0.001369094,-0.00255139
0.621,-0.001378228,-0.002536286
0.622,-0.001387307,-0.002521082
0.623,-0.001396331,-0.002505778
0.624,-0.0014053,-0.002490375
0.625,-0.001414214,-0.002474874
0.626,-0.001423071,-0.002459275
0.627,-0.001431873,-0.002443579
0.628,-0.001440618,-0.002427787
0.629,-0.001449306,-0.002411898
0.63,-0.001457937,-0.002395915
0.631,-0.001466511,-0.002379837
0.632,-0.001475026,-0.002363665
0.633,-0.001483484,-0.0023474
0.634,-0.001491882,-0.002331042
0.635,-0.001500222,-0.002314592
0.636,-0.001508503,-0.00229805
0.637,-0.001516724,-0.002281418
0.638,-0.001524885,-0.002264696
0.639,-0.001532986,-0.002247884
0.64,-0.001541026,-0.002230984
0.641,-0.001549006,-0.002213996
0.642,-0.001556925,-0.00219692
0.643,-0.001564782,-0.002179757
0.644,-0.001572577,-0.002162509
0.645,-0.00158031,-0.002145175
0.646,-0.001587981,-0.002127756
0.647,-0.001595589,-0.002110253
0.648,-0.001603134,-0.002092667
0.649,-0.001610616,-0.002074999
0.65,-0.001618034,-0.002057248
0.651,-0.001625388,-0.002039417
0.652,-0.001632679,-0.002021504
0.653,-0.001639904,-0.002003512
0.654,-0.001647065,-0.001985441
0.655,-0.001654161,-0.001967292
0.656,-0.001661192,-0.001949065
0.657,-0.001668157,-0.001930761
0.658,-0.001675056,-0.00191238
0.659,-0.001681889,-0.001893924
0.66,-0.001688656,-0.001875394
0.661,-0.001695356,-0.001856789
0.662,-0.001701989,-0.001838111
0.663,-0.001708555,-0.001819361
0.664,-0.001715053,-0.001800538
0.665,-0.001721484,-0.001781645
0.666,-0.001727847,-0.001762681
0.667,-0.001734141,-0.001743648
0.668,-0.001740368,-0.001724546
0.669,-0.001746525,-0.001705375
0.67,-0.001752613,-0.001686138
0.671,-0.001758633,-0.001666834
0.672,-0.001764582,-0.001647464
0.673,-0.001770463,-0.001628029
0.674,-0.001776273,-0.00160853
0.675,-0.001782013,-0.001588967
0.676,-0.001787683,-0.001569341
0.677,-0.001793282,-0.001549654
0.678,-0.001798811,-0.001529905
0.679,-0.001804268,-0.001510096
0.68,-0.001809654,-0.001490228
0.681,-0.001814969,-0.0014703
0.682,-0.001820212,-0.001450315
0.683,-0.001825383,-0.001430272
0.684,-0.001830482,-0.001410173
0.685,-0.001835509,-0.001390018
0.686,-0.001840464,-0.001369808
0.687,-0.001845345,-0.001349544
0.6880000000000001,-0.001850154,-0.001329227
0.6890000000000001,-0.00185489,-0.001308857
0.6900000000000001,-0.001859553,-0.001288436
0.6910000000000001,-0.001864142,-0.001267964
0.6920000000000001,-0.001868658,-0.001247442
0.6930000000000001,-0.0018731,-0.00122687
0.6940000000000001,-0.001877468,-0.00120625
0.6950000000000001,-0.001881762,-0.001185583
0.6960000000000001,-0.001885981,-0.001164868
0.6970000000000001,-0.001890126,-0.001144108
0.6980000000000001,-0.001894197,-0.001123303
0.6990000000000001,-0.001898192,-0.001102453
0.7000000000000001,-0.001902113,-0.001081559
0.7010000000000001,-0.001905959,-0.001060623
0.7020000000000001,-0.001909729,-0.001039646
0.7030000000000001,-0.001913424,-0.001018627
0.704,-0.001917044,-0.000997567
0.705,-0.001920587,-0.000976469
0.706,-0.001924055,-0.000955332
0.707,-0.001927447,-0.000934157
0.708,-0.001930763,-0.000912945
0.709,-0.001934003,-0.000891698
0.71,-0.001937166,-0.000870415
0.711,-0.001940253,-0.000849097
0.712,-0.001943263,-0.000827746
0.713,-0.001946197,-0.000806363
0.714,-0.001949054,-0.000784948
0.715,-0.001951834,-0.000763501
0.716,-0.001954536,-0.000742025
0.717,-0.001957162,-0.000720519
0.718,-0.00195971,-0.000698985
0.719,-0.001962181,-0.000677423
0.72,-0.001964575,-0.000655835
0.721,-0.00196689,-0.00063422
0.722,-0.001969129,-0.000612581
0.723,-0.001971289,-0.000590917
0.724,-0.001973372,-0.00056923
0.725,-0.001975377,-0.000547521
0.726,-0.001977303,-0.00052579
0.727,-0.001979152,-0.000504038
0.728,-0.001980923,-0.000482266
0.729,-0.001982615,-0.000460475
0.73,-0.001984229,-0.000438666
0.731,-0.001985765,-0.00041684
0.732,-0.001987223,-0.000394997
0.733,-0.001988602,-0.000373139
0.734,-0.001989902,-0.000351266
0.735,-0.001991124,-0.000329379
0.736,-0.001992267,-0.000307479
0.737,-0.001993332,-0.000285567
0.738,-0.001994318,-0.000263644
0.739,-0.001995225,-0.00024171
0.74,-0.001996053,-0.000219767
0.741,-0.001996803,-0.000197815
0.742,-0.001997474,-0.000175855
0.743,-0.001998066,-0.000153888
0.744,-0.001998579,-0.000131916
0.745,-0.001999013,-0.000109938
0.746,-0.001999368,-8.80E-05
0.747,-0.001999645,-6.60E-05
0.748,-0.001999842,-4.40E-05
0.749,-0.001999961,-2.20E-05
0.75,-0.002,-8.57E-19
0.751,-0.001999961,2.1991003879454104e-05
0.752,-0.001999842,4.3981139591733644e-05
0.753,-0.001999645,6.596953900392677e-05
0.754,-0.001999368,8.795533405168106e-05
0.755,-0.001999013,0.00010993765677344755
0.756,-0.001998579,0.00013191563934477114
0.757,-0.001998066,0.00015388841411252606
0.758,-0.001997474,0.00017585511362919407
0.759,-0.001996803,0.0001978148706870851
0.76,-0.001996053,0.00021976681835259474
0.761,-0.001995225,0.00024171009000041995
0.762,-0.001994318,0.0002636438193477628
0.763,-0.001993332,0.00028556714048855143
0.764,-0.001992267,0.0003074791879275998
0.765,-0.001991124,0.0003293790966148005
0.766,-0.001989902,0.0003512660019792511
0.767,-0.001988602,0.00037313903996341044
0.768,-0.001987223,0.0003949973470571853
0.769,-0.001985765,0.0004168400603320421
0.77,-0.001984229,0.0004386663174750646
0.771,-0.001982615,0.00046047525682298715
0.772,-0.001980923,0.0004822660173962334
0.773,-0.001979152,0.0005040377389328813
0.774,-0.001977303,0.0005257895619226503
0.775,-0.001975377,0.0005475206276408072
0.776,-0.001973372,0.0005692300781820934
0.777,-0.001971289,0.0005909170564945681
0.778,-0.001969129,0.0006125807064134643
0.779,-0.00196689,0.0006342201726949806
0.78,-0.001964575,0.0006558346010500347
0.781,-0.001962181,0.0006774231381780112
0.782,-0.00195971,0.0006989849318004234
0.783,-0.001957162,0.0007205191306945852
0.784,-0.001954536,0.0007420248847271906
0.785,-0.001951834,0.0007635013448878999
0.786,-0.001949054,0.0007849476633228339
0.787,-0.001946197,0.0008063629933680684
0.788,-0.001943263,0.0008277464895830364
0.789,-0.001940253,0.0008490973077839247
0.79,-0.001937166,0.0008704146050769921
0.791,-0.001934003,0.0008916975398918366
0.792,-0.001930763,0.00091294527201464
0.793,-0.001927447,0.0009341569626213139
0.794,-0.001924055,0.0009553317743106395
0.795,-0.001920587,0.0009764688711373021
0.796,-0.001917044,0.000997567418644918
0.797,-0.001913424,0.0010186265838989517
0.798,-0.001909729,0.0010396455355196211
0.799,-0.001905959,0.0010606234437147094
0.8,-0.001902113,0.001081559480312315
0.801,-0.001898192,0.0011024528187935677
0.802,-0.001894197,0.0011233026343252328
0.803,-0.001890126,0.0011441081037922999
0.804,-0.001885981,0.0011648684058304531
0.805,-0.001881762,0.0011855827208585214
0.806,-0.001877468,0.0012062502311108098
0.807,-0.0018731,0.0012268701206694054
0.808,-0.001868658,0.001247441575496378
0.809,-0.001864142,0.0012679637834659091
0.81,-0.001859553,0.0012884359343963737
0.811,-0.00185489,0.0013088572200823012
0.812,-0.001850154,0.001329226834326305
0.8130000000000001,-0.001845345,0.0013495439729708878
0.8140000000000001,-0.001840464,0.00136980783393021
0.8150000000000001,-0.001835509,0.0013900176172217324
0.8160000000000001,-0.001830482,0.0014101725249978186
0.8170000000000001,-0.001825383,0.0014302717615772222
0.8180000000000001,-0.001820212,0.001450314533476494
0.8190000000000001,-0.001814969,0.001470300049441323
0.8200000000000001,-0.001809654,0.001490227520477754
0.8210000000000001,-0.001804268,0.0015100961598833577
0.8220000000000001,-0.001798811,0.0015299051832782652
0.8230000000000001,-0.001793282,0.001549653808636157
0.8240000000000001,-0.001787683,0.0015693412563151132
0.8250000000000001,-0.001782013,0.001588966749088413
0.8260000000000001,-0.001776273,0.0016085295121752083
0.8270000000000001,-0.001770463,0.0016280287732711037
0.8280000000000001,-0.001764582,0.001647463762578665
0.8290000000000001,-0.001758633,0.0016668337128377868
0.8300000000000001,-0.001752613,0.0016861378593560049
0.8310000000000001,-0.001746525,0.0017053754400386634
0.8320000000000001,-0.001740368,0.0017245456954190224
0.833,-0.001734141,0.0017436478686882158
0.834,-0.001727847,0.0017626812057251625
0.835,-0.001721484,0.0017816449551262977
0.836,-0.001715053,0.001800538368235272
0.837,-0.001708555,0.0018193606991724815
0.838,-0.001701989,0.0018381112048645324
0.839,-0.001695356,0.0018567891450735681
0.84,-0.001688656,0.001875393782426486
0.841,-0.001681889,0.0018939243824440644
0.842,-0.001675056,0.0019123802135699397
0.843,-0.001668157,0.0019307605471995052
0.844,-0.001661192,0.0019490646577086563
0.845,-0.001654161,0.0019672918224824566
0.846,-0.001647065,0.0019854413219436463
0.847,-0.001639904,0.002003512439581068
0.848,-0.001632679,0.0020215044619779354
0.849,-0.001625388,0.002039416678840014
0.85,-0.001618034,0.002057248383023655
0.851,-0.001610616,0.0020749988705637055
0.852,-0.001603134,0.0020926674407013156
0.853,-0.001595589,0.002110253395911585
0.854,-0.001587981,0.002127756041931119
0.855,-0.00158031,0.0021451746877854164
0.856,-0.001572577,0.0021625086458161706
0.857,-0.001564782,0.002179757231708393
0.858,-0.001556925,0.0021969197645174496
0.859,-0.001549006,0.0022139955666959353
0.86,-0.001541026,0.002230983964120412
0.861,-0.001532986,0.002247884286118045
0.862,-0.001524885,0.0022646958654930537
0.863,-0.001516724,0.002281418038553076
0.864,-0.001508503,0.0022980501451353463
0.865,-0.001500222,0.002314591528632782
0.866,-0.001491882,0.00233104153601988
0.867,-0.001483484,0.0023473995178785187
0.868,-0.001475026,0.002363664828423585
0.869,-0.001466511,0.0023798368255284657
0.87,-0.001457937,0.00239591487075041
0.871,-0.001449306,0.0024118983293557185
0.872,-0.001440618,0.0024277865703448173
0.873,-0.001431873,0.0024435789664771536
0.874,-0.001423071,0.002459274894295973
0.875,-0.001414214,0.002474873734152916
0.876,-0.0014053,0.0024903748702324972
0.877,-0.001396331,0.0025057776905764084
0.878,-0.001387307,0.002521081587107673
0.879,-0.001378228,0.002536285955654663
0.88,-0.001369094,0.002551390195974939
0.881,-0.001359907,0.00256639371177896
0.882,-0.001350666,0.002581295910753608
0.883,-0.001341371,0.0025960962045855876
0.884,-0.001332024,0.002610794008984637
0.885,-0.001322624,0.002625388743706607
0.886,-0.001313172,0.0026398798325763632
0.887,-0.001303667,0.0026542667035105256
0.888,-0.001294112,0.0026685487885400676
0.889,-0.001284505,0.0026827255238327237
0.89,-0.001274848,0.0026967963497152624
0.891,-0.00126514,0.0027107607106955675
0.892,-0.001255383,0.0027246180554845825
0.893,-0.001245576,0.002738367837018058
0.894,-0.001235719,0.0027520095124781646
0.895,-0.001225814,0.0027655425433149162
0.896,-0.001215861,0.002778966395267423
0.897,-0.001205859,0.0027922805383849983
0.898,-0.00119581,0.002805484447048067
0.899,-0.001185714,0.002818577599988927
0.9,-0.001175571,0.0028315594803123155
0.901,-0.001165381,0.0028444295755158293
0.902,-0.001155145,0.0028571873775101436
0.903,-0.001144864,0.002869832382639082
0.904,-0.001134538,0.0028823640916994958
0.905,-0.001124167,0.002894782009960966
0.906,-0.001113751,0.0029070856471853446
0.907,-0.001103292,0.0029192745176460986
0.908,-0.001092789,0.0029313481401474963
0.909,-0.001082243,0.0029433060380435914
0.91,-0.001071654,0.002955147739257053
0.911,-0.001061022,0.002966872776297791
0.912,-0.001050349,0.0029784806862814222
0.913,-0.001039635,0.002989971010947533
0.914,-0.001028879,0.0030013432966777822
0.915,-0.001018083,0.0030125970945138027
0.916,-0.001007246,0.003023731960174923
0.917,-0.00099637,0.0030347474540757154
0.918,-0.000985455,0.0030456431413433396
0.919,-0.0009745,0.003056418591834721
0.92,-0.000963507,0.0030670733801535224
0.921,-0.000952476,0.0030776070856669475
0.922,-0.000941408,0.0030880192925223367
0.923,-0.000930302,0.0030983095896635927
0.924,-0.00091916,0.003108477570847406
0.925,-0.000907981,0.003118522834659287
0.926,-0.000896766,0.0031284449845294235
0.927,-0.000885516,0.0031382436287483253
0.928,-0.000874232,0.0031479183804822993
0.929,-0.000862912,0.00315746885778871
0.93,-0.000851559,0.003166894683631069
0.931,-0.000840171,0.0031761954858939095
0.932,-0.000828751,0.0031853708973974843
0.933,-0.000817298,0.00319442055591226
0.934,-0.000805813,0.003203344104173211
0.935,-0.000794296,0.0032121411898939343
0.936,-0.000782747,0.003220811465780546
0.937,-0.000771168,0.0032293545895454028
0.9380000000000001,-0.000759558,0.003237770223920603
0.9390000000000001,-0.000747918,0.0032460580366713153
0.9400000000000001,-0.000736249,0.00325421770060888
0.9410000000000001,-0.000724551,0.003262248893603738
0.9420000000000001,-0.000712824,0.0032701512985981425
0.9430000000000001,-0.000701069,0.003277924603618673
0.9440000000000001,-0.000689286,0.00328556850178856
0.9450000000000001,-0.000677476,0.0032930826913397894
0.9460000000000001,-0.000665639,0.003300466875625026
0.9470000000000001,-0.000653776,0.003307720763129317
0.9480000000000001,-0.000641887,0.0033148440674816058
0.9490000000000001,-0.000629973,0.0033218365074660313
0.9500000000000001,-0.000618034,0.0033286978070330374
0.9510000000000001,-0.000606071,0.003335427695310266
0.9520000000000001,-0.000594083,0.0033420259066132504
0.9530000000000001,-0.000582072,0.003348492180455907
0.9540000000000001,-0.000570039,0.0033548262615608155
0.9550000000000001,-0.000557982,0.003361027899869301
0.9560000000000001,-0.000545904,0.003367096850551301
0.9570000000000001,-0.000533804,0.0033730328740150346
0.9580000000000001,-0.000521683,0.0033788357359164586
0.9590000000000001,-0.000509541,0.0033845052071685227
0.96,-0.00049738,0.0033900410639502083
0.961,-0.000485198,0.0033954430877153703
0.962,-0.000472998,0.003400711065201358
0.963,-0.000460779,0.003405844788437442
0.964,-0.000448542,0.0034108440547530195
0.965,-0.000436286,0.0034157086667856154
0.966,-0.000424014,0.003420438432488677
0.967,-0.000411725,0.003425033165139152
0.968,-0.00039942,0.003429492683344864
0.969,-0.000387099,0.003433816811051669
0.97,-0.000374763,0.0034380053775504103
0.971,-0.000362412,0.003442058217483654
0.972,-0.000350046,0.0034459751708522187
0.973,-0.000337667,0.003449756083021493
0.974,-0.000325274,0.0034534008047275378
0.975,-0.000312869,0.003456909192082982
0.976,-0.000300451,0.0034602811065826988
0.977,-0.000288022,0.0034635164151092784
0.978,-0.000275581,0.003466614989938279
0.979,-0.000263129,0.003469576708743273
0.98,-0.000250666,0.003472401454600672
0.981,-0.000238194,0.003475089115994348
0.982,-0.000225713,0.0034776395868200295
0.983,-0.000213222,0.003480052766389496
0.984,-0.000200723,0.0034823285594345506
0.985,-0.000188217,0.00348446687611078
0.986,-0.000175702,0.003486467632001104
0.987,-0.000163181,0.0034883307481191044
0.988,-0.000150654,0.0034900561509121487
0.989,-0.00013812,0.0034916437722642885
0.99,-0.000125581,0.0034930935494989503
0.991,-0.000113037,0.0034944054253814127
0.992,-0.000100489,0.003495579348121061
0.993,-8.79E-05,0.0034966152713734365
0.994,-7.54E-05,0.003497513154242062
0.995,-6.28E-05,0.0034982729612800605
0.996,-5.03E-05,0.0034988946624915497
0.997,-3.77E-05,0.0034993782333328314
0.998,-2.51E-05,0.0034997236547133566
0.999,-1.26E-05,0.00349993091299648
1,-4.90E-19,0.0035
1.0010000000000001,1.2566287931118407e-05,0.00349993091299648
1.002,2.513207976670494e-05,0.0034997236547133566
1.0030000000000001,3.7696879430817075e-05,0.0034993782333328314
1.004,5.026019088667489e-05,0.0034988946624915497
1.0050000000000001,6.282151815625751e-05,0.00349827296128006
1.006,7.538036533986922e-05,0.003497513154242062
1.0070000000000001,8.793623663573094e-05,0.0034966152713734365
1.008,0.00010048863635953948,0.003495579348121061
1.0090000000000001,0.00011303706896405041,0.0034944054253814127
1.01,0.00012558103905862554,0.0034930935494989503
1.0110000000000001,0.00013812005142881318,0.003491643772264288
1.012,0.00015065361105586446,0.0034900561509121487
1.0130000000000001,0.0001631812231363169,0.0034883307481191044
1.014,0.00017570239310148557,0.003486467632001104
1.0150000000000001,0.00018821662663702884,0.00348446687611078
1.016,0.00020072342970242922,0.0034823285594345506
1.0170000000000001,0.00021322230855052026,0.003480052766389496
1.018,0.00022571276974696304,0.0034776395868200295
1.0190000000000001,0.0002381943201897401,0.0034750891159943476
1.02,0.00025066646712860834,0.0034724014546006726
1.0210000000000001,0.00026312871818456586,0.0034695767087432727
1.022,0.0002755805813692762,0.003466614989938279
1.0230000000000001,0.0002880215651045054,0.0034635164151092784
1.024,0.0003004511782415144,0.0034602811065826996
1.025,0.0003128689300804595,0.0034569091920829825
1.026,0.00032527433038976764,0.003453400804727538
1.027,0.0003376668894254657,0.003449756083021494
1.028,0.00035004611795055103,0.003445975170852219
1.029,0.0003624115272542729,0.0034420582174836544
1.03,0.00037476262917144845,0.0034380053775504103
1.031,0.0003870989361017189,0.0034338168110516695
1.032,0.0003994199610288134,0.0034294926833448643
1.033,0.00041172521753976126,0.0034250331651391533
1.034,0.00042401421984410886,0.003420438432488678
1.035,0.0004362864827930839,0.003415708666785617
1.036,0.00044854152189876216,0.0034108440547530204
1.037,0.00046077885335318023,0.0034058447884374437
1.038,0.00047299799404744935,0.003400711065201358
1.039,0.00048519846159081407,0.00339544308771537
1.04,0.0004973797743297098,0.0033900410639502087
1.041,0.0005095414513667638,0.003384505207168523
1.042,0.0005216830125797942,0.0033788357359164595
1.043,0.0005338039786407491,0.003373032874015035
1.044,0.0005459038710346511,0.0033670968505513004
1.045,0.0005579822120784566,0.0033610278998693027
1.046,0.0005700385249399531,0.0033548262615608142
1.047,0.000582072333656542,0.003348492180455908
1.048,0.0005940831631540692,0.00334202590661325
1.049,0.0006060705392655466,0.0033354276953102657
1.05,0.0006180339887498944,0.003328697807033038
1.051,0.0006299730393106083,0.0033218365074660318
1.052,0.0006418872196144187,0.0033148440674816066
1.053,0.0006537760593098839,0.003307720763129319
1.054,0.0006656390890459733,0.0033004668756250258
1.055,0.000677475840490582,0.00329308269133979
1.056,0.0006892858463490342,0.003285568501788558
1.057,0.0007010686403825174,0.0032779246036186726
1.058,0.0007128237574265017,0.003270151298598142
1.059,0.000724550733409091,0.003262248893603739
1.06,0.0007362491053693564,0.003254217700608881
1.061,0.000747918411475599,0.003246058036671316
1.062,0.0007595581910436029,0.003237770223920603
1.063,0.0007711679845547914,0.0032293545895454045
1.064,0.0007827473336744058,0.0032208114657805444
1.065,0.0007942957812695598,0.003212141189893935
1.066,0.0008058128714273249,0.0032033441041732108
1.067,0.0008172981494726969,0.0031944205559122597
1.068,0.000828751161986568,0.003185370897397485
1.069,0.0008401714568236115,0.0031761954858939103
1.07,0.0008515585831301451,0.00316689468363107
1.071,0.000862912091361917,0.003157468857788712
1.072,0.0008742315333018659,0.003147918380482299
1.073,0.0008855164620778025,0.0031382436287483266
1.074,0.0008967664321800648,0.0031284449845294217
1.075,0.0009079809994790932,0.0031185228346592864
1.076,0.0009191597212429762,0.003108477570847406
1.077,0.0009303021561549164,0.003098309589663594
1.078,0.0009414078643306657,0.0030880192925223375
1.079,0.0009524764073358766,0.003077607085666949
1.08,0.0009635073482034313,0.003067073380153522
1.081,0.0009745002514506632,0.0030564185918347236
1.082,0.000985454683096584,0.0030456431413433374
1.083,0.0009963702106789804,0.0030347474540757167
1.084,0.0010072464032715215,0.0030237319601749226
1.085,0.0010180828315007415,0.0030125970945138023
1.086,0.0010288790675630126,0.003001343296677783
1.087,0.001039634685241418,0.0029899710109475342
1.088,0.0010503492599225914,0.0029784806862814235
1.089,0.0010610223686134674,0.0029668727762977936
1.09,0.0010716535899579934,0.0029551477392570527
1.091,0.0010822425042537511,0.0029433060380435923
1.092,0.0010927886934685386,0.0029313481401474937
1.093,0.00110329174125686,0.0029192745176460978
1.094,0.0011137512329763765,0.002907085647185344
1.095,0.001124166755704261,0.0028947820099609668
1.096,0.0011345378982535138,0.0028823640916994975
1.097,0.0011448642511891819,0.002869832382639085
1.098,0.001155145406844536,0.002857187377510143
1.099,0.0011653809593371509,0.0028444295755158324
1.1,0.001175570504584947,0.002831559480312313
1.101,0.0011857136403221173,0.0028185775999889284
1.102,0.001195809966115039,0.0028054844470480665
1.103,0.0012058590833780485,0.0027922805383849983
1.104,0.0012158605953892108,0.0027789663952674237
1.105,0.0012258141073059523,0.002765542543314917
1.106,0.001235719226180669,0.002752009512478168
1.107,0.0012455755609762245,0.002738367837018061
1.108,0.0012553827225814012,0.0027246180554845816
1.109,0.0012651403238262487,0.0027107607106955692
1.11,0.0012748479794973796,0.0026967963497152602
1.111,0.0012845053063531685,0.002682725523832723
1.112,0.0012941119231388892,0.0026685487885400668
1.113,0.0013036674506017576,0.0026542667035105265
1.114,0.0013131715115059135,0.0026398798325763645
1.115,0.001322623730647304,0.0026253887437066104
1.116,0.001332023734868504,0.0026107940089846364
1.117,0.0013413711530734392,0.002596096204585591
1.118,0.0013506656162420498,0.0025812959107536053
1.119,0.0013599067574448377,0.002566393711778962
1.12,0.0013690942118573786,0.0025513901959749387
1.121,0.0013782276167746963,0.0025362859556546627
1.122,0.0013873066116256098,0.002521081587107674
1.123,0.001396330837986945,0.00250577769057641
1.124,0.0014052999395976987,0.0024903748702325007
1.125,0.0014142135623730948,0.0024748737341529193
1.1260000000000001,0.001423071354418571,0.002459274894295972
1.127,0.001431872966043662,0.002443578966477155
1.1280000000000001,0.0014406180497758144,0.0024277865703448147
1.129,0.0014493062603740932,0.0024118983293557176
1.1300000000000001,0.0014579372548428236,0.0023959148707504096
1.131,0.0014665106924451202,0.0023798368255284674
1.1320000000000001,0.0014750262347163485,0.0023636648284235864
1.133,0.0014834835454774786,0.002347399517878522
1.1340000000000001,0.001491882290848365,0.0023310415360198794
1.135,0.0015002221392609184,0.0023145915286327855
1.1360000000000001,0.0015085027614722087,0.0022980501451353432
1.137,0.0015167238305774432,0.0022814180385530773
1.1380000000000001,0.0015248850220228969,0.002264695865493053
1.139,0.0015329860136186993,0.0022478842861180445
1.1400000000000001,0.0015410264855515786,0.0022309839641204143
1.141,0.0015490061203974673,0.0022139955666959366
1.1420000000000001,0.0015569246031340472,0.0021969197645174536
1.143,0.001564781621153176,0.0021797572317083973
1.1440000000000001,0.001572576864273238,0.0021625086458161697
1.145,0.0015803100247513806,0.002145174687785418
1.1460000000000001,0.0015879807972956712,0.0021277560419311154
1.147,0.001595588879077142,0.002110253395911584
1.1480000000000001,0.0016031339697417538,0.0020926674407013147
1.149,0.001610615771422244,0.0020749988705637073
1.1500000000000001,0.0016180339887498956,0.002057248383023657
1.151,0.0016253883288661882,0.0020394166788400185
1.1520000000000001,0.0016326785014343689,0.002021504461977935
1.153,0.0016399042186509042,0.0020035124395810723
1.154,0.0016470651952568537,0.0019854413219436533
1.155,0.0016541611485491232,0.001967291822482459
1.156,0.0016611917983916243,0.0019490646577086607
1.157,0.001668156867226342,0.0019307605471995046
1.158,0.0016750560800842826,0.0019123802135699417
1.159,0.0016818891645963379,0.0018939243824440664
1.16,0.0016886558510040295,0.0018753937824264903
1.161,0.0016953558721701663,0.0018567891450735723
1.162,0.0017019889635893832,0.0018381112048645393
1.163,0.0017085548633985904,0.0018193606991724835
1.164,0.0017150533123873042,0.001800538368235274
1.165,0.0017214840540078873,0.0017816449551262968
1.166,0.0017278468343856703,0.0017626812057251612
1.167,0.0017341414023289803,0.0017436478686882176
1.168,0.0017403675093390504,0.0017245456954190213
1.169,0.0017465249096198406,0.001705375440038665
1.17,0.0017526133600877262,0.0016861378593560068
1.171,0.001758632620381113,0.001666833712837786
1.172,0.0017645824528699056,0.0016474637625786698
1.173,0.00177046262266491,0.0016280287732711057
1.174,0.0017762728976270883,0.00160852951217521
1.175,0.0017820130483767354,0.001588966749088412
1.176,0.0017876828483025268,0.0015693412563151125
1.177,0.0017932820735704715,0.0015496538086361563
1.178,0.0017988105031327415,0.0015299051832782672
1.179,0.0018042679187364058,0.0015100961598833596
1.18,0.0018096541049320387,0.0014902275204777588
1.181,0.0018149688490822341,0.001470300049441322
1.182,0.001820211941369991,0.001450314533476496
1.183,0.0018253831748070058,0.0014302717615772185
1.184,0.001830482345241835,0.0014101725249978175
1.185,0.0018355092513679626,0.0013900176172217315
1.186,0.0018404636947317399,0.0013698078339302092
1.187,0.00184534547974023,0.0013495439729708898
1.188,0.0018501544136689154,0.001329226834326307
1.189,0.001854890306669323,0.0013088572200823003
1.19,0.0018595529717765024,0.0012884359343963785
1.191,0.0018641422249164217,0.0012679637834659113
1.192,0.0018686578849132236,0.00124744157549638
1.193,0.0018730997734963846,0.0012268701206694047
1.194,0.0018774677153077478,0.001206250231110809
1.195,0.0018817615379084509,0.0011855827208585204
1.196,0.0018859810717857287,0.001164868405830455
1.197,0.0018901261503596097,0.001144108103792302
1.198,0.0018941966099894883,0.0011233026343252376
1.199,0.0018981922899805892,0.0011024528187935667
1.2,0.0019021130325903072,0.0010815594803123172
1.201,0.0019059586830344377,0.0010606234437147055
1.202,0.001909729089493286,0.00103964553551962
1.203,0.001913424103117661,0.0010186265838989506
1.204,0.0019170435780347514,0.000997567418644917
1.205,0.0019205873713538863,0.0009764688711373042
1.206,0.0019240553431721715,0.0009553317743106413
1.207,0.0019274473565800197,0.000934156962621313
1.208,0.0019307632776665474,0.0009129452720146452
1.209,0.00193400297552487,0.0008916975398918387
1.21,0.001937166322257262,0.0008704146050769943
1.211,0.0019402531929802115,0.0008490973077839237
1.212,0.0019432634658293475,0.0008277464895830354
1.213,0.001946197021964253,0.0008063629933680674
1.214,0.001949053745573154,0.0007849476633228358
1.215,0.0019518335238774948,0.000763501344887902
1.216,0.0019545362471363866,0.0007420248847271957
1.217,0.0019571618086509446,0.0007205191306945843
1.218,0.0019597101047684937,0.0006989849318004256
1.219,0.001962181034886668,0.0006774231381780071
1.22,0.001964574501457377,0.0006558346010500337
1.221,0.0019668904099906597,0.0006342201726949797
1.222,0.0019691286690584108,0.0006125807064134664
1.223,0.0019712891902979963,0.0005909170564945702
1.224,0.0019733718884157357,0.0005692300781820956
1.225,0.0019753766811902757,0.0005475206276408062
1.226,0.001977303489475828,0.0005257895619226554
1.227,0.001979152237205302,0.0005040377389328774
1.228,0.0019809228513933026,0.0004822660173962355
1.229,0.0019826152621390133,0.0004604752568229862
1.23,0.0019842294026289555,0.00043866631747506364
1.231,0.0019857652091396275,0.00041684006033204424
1.232,0.001987222621040017,0.0003949973470571874
1.233,0.001988601580793998,0.00037313903996341255
1.234,0.0019899020339626005,0.00035126600197925637
1.235,0.00199112392920616,0.0003293790966147995
1.236,0.001992267218286345,0.0003074791879276019
1.237,0.00199333185606806,0.00028556714048854736
1.238,0.001994317800521228,0.0002636438193477619
1.239,0.0019952250127224505,0.00024171009000041897
1.24,0.0019960534568565433,0.00021976681835259685
1.241,0.00199680310021795,0.00019781487068708725
1.242,0.001997473913212035,0.0001758551136291962
1.243,0.0019980658693562496,0.0001538884141125251
1.244,0.0019985789452811784,0.0001319156393447764
1.245,0.001999013120731463,0.00010993765677344349
1.246,0.0019993683785666,8.795533405168321e-05
1.247,0.001999644704761618,6.59695390039258e-05
1.248,0.0019998420884076323,4.3981139591732675e-05
1.249,0.0019999605217122744,2.199100387945625e-05
1.25,0.002,1.2858791391047207e-18
1.2510000000000001,0.0019999605217122744,-2.20E-05
1.252,0.0019998420884076323,-4.40E-05
1.2530000000000001,0.001999644704761618,-6.60E-05
1.254,0.0019993683785666,-8.80E-05
1.2550000000000001,0.001999013120731463,-0.000109938
1.256,0.0019985789452811784,-0.000131916
1.2570000000000001,0.0019980658693562496,-0.000153888
1.258,0.001997473913212035,-0.000175855
1.2590000000000001,0.00199680310021795,-0.000197815
1.26,0.0019960534568565433,-0.000219767
1.2610000000000001,0.0019952250127224505,-0.00024171
1.262,0.001994317800521228,-0.000263644
1.2630000000000001,0.00199333185606806,-0.000285567
1.264,0.001992267218286345,-0.000307479
1.2650000000000001,0.00199112392920616,-0.000329379
1.266,0.0019899020339626005,-0.000351266
1.2670000000000001,0.001988601580793998,-0.000373139
1.268,0.001987222621040017,-0.000394997
1.2690000000000001,0.001985765209139627,-0.00041684
1.27,0.001984229402628956,-0.000438666
1.2710000000000001,0.001982615262139013,-0.000460475
1.272,0.0019809228513933026,-0.000482266
1.2730000000000001,0.001979152237205302,-0.000504038
1.274,0.0019773034894758285,-0.00052579
1.2750000000000001,0.0019753766811902752,-0.000547521
1.276,0.001973371888415736,-0.00056923
1.2770000000000001,0.0019712891902979963,-0.000590917
1.278,0.0019691286690584108,-0.000612581
1.2790000000000001,0.0019668904099906593,-0.00063422
1.28,0.001964574501457377,-0.000655835
1.281,0.001962181034886668,-0.000677423
1.282,0.001959710104768494,-0.000698985
1.283,0.0019571618086509446,-0.000720519
1.284,0.0019545362471363866,-0.000742025
1.285,0.0019518335238774957,-0.000763501
1.286,0.0019490537455731545,-0.000784948
1.287,0.0019461970219642535,-0.000806363
1.288,0.0019432634658293484,-0.000827746
1.289,0.0019402531929802124,-0.000849097
1.29,0.0019371663222572623,-0.000870415
1.291,0.0019340029755248703,-0.000891698
1.292,0.0019307632776665482,-0.000912945
1.293,0.0019274473565800202,-0.000934157
1.294,0.0019240553431721717,-0.000955332
1.295,0.001920587371353886,-0.000976469
1.296,0.0019170435780347522,-0.000997567
1.297,0.0019134241031176615,-0.001018627
1.298,0.0019097290894932858,-0.001039646
1.299,0.0019059586830344375,-0.001060623
1.3,0.0019021130325903074,-0.001081559
1.301,0.0018981922899805896,-0.001102453
1.302,0.001894196609989488,-0.001123303
1.303,0.0018901261503596108,-0.001144108
1.304,0.0018859810717857292,-0.001164868
1.305,0.0018817615379084513,-0.001185583
1.306,0.0018774677153077489,-0.00120625
1.307,0.0018730997734963857,-0.00122687
1.308,0.001868657884913224,-0.001247442
1.309,0.0018641422249164221,-0.001267964
1.31,0.0018595529717765034,-0.001288436
1.311,0.0018548903066693235,-0.001308857
1.312,0.0018501544136689159,-0.001329227
1.313,0.0018453454797402297,-0.001349544
1.314,0.001840463694731741,-0.001369808
1.315,0.001835509251367963,-0.001390018
1.316,0.0018304823452418347,-0.001410173
1.317,0.0018253831748070055,-0.001430272
1.318,0.0018202119413699915,-0.001450315
1.319,0.0018149688490822346,-0.0014703
1.32,0.0018096541049320385,-0.001490228
1.321,0.0018042679187364069,-0.001510096
1.322,0.0017988105031327421,-0.001529905
1.323,0.0017932820735704722,-0.001549654
1.324,0.0017876828483025266,-0.001569341
1.325,0.001782013048376737,-0.001588967
1.326,0.001776272897627089,-0.00160853
1.327,0.0017704626226649107,-0.001628029
1.328,0.0017645824528699072,-0.001647464
1.329,0.0017586326203811137,-0.001666834
1.33,0.0017526133600877269,-0.001686138
1.331,0.0017465249096198403,-0.001705375
1.332,0.0017403675093390519,-0.001724546
1.333,0.001734141402328981,-0.001743648
1.334,0.00172784683438567,-0.001762681
1.335,0.001721484054007887,-0.001781645
1.336,0.0017150533123873046,-0.001800538
1.337,0.001708554863398591,-0.001819361
1.338,0.0017019889635893827,-0.001838111
1.339,0.0016953558721701679,-0.001856789
1.34,0.0016886558510040301,-0.001875394
1.341,0.0016818891645963385,-0.001893924
1.342,0.0016750560800842822,-0.00191238
1.343,0.0016681568672263435,-0.001930761
1.344,0.0016611917983916252,-0.001949065
1.345,0.0016541611485491239,-0.001967292
1.346,0.0016470651952568557,-0.001985441
1.347,0.0016399042186509057,-0.002003512
1.348,0.0016326785014343674,-0.002021504
1.349,0.001625388328866188,-0.002039417
1.35,0.0016180339887498954,-0.002057248
1.351,0.0016106157714222448,-0.002074999
1.352,0.0016031339697417525,-0.002092667
1.353,0.0015955888790771418,-0.002110253
1.354,0.0015879807972956708,-0.002127756
1.355,0.0015803100247513812,-0.002145175
1.356,0.0015725768642732368,-0.002162509
1.357,0.0015647816211531778,-0.002179757
1.358,0.0015569246031340467,-0.00219692
1.359,0.0015490061203974682,-0.002213996
1.36,0.0015410264855515773,-0.002230984
1.361,0.001532986013618701,-0.002247884
1.362,0.0015248850220228954,-0.002264696
1.363,0.0015167238305774438,-0.002281418
1.364,0.0015085027614722083,-0.00229805
1.365,0.0015002221392609203,-0.002314592
1.366,0.0014918822908483636,-0.002331042
1.367,0.0014834835454774781,-0.0023474
1.368,0.001475026234716348,-0.002363665
1.369,0.001466510692445121,-0.002379837
1.37,0.001457937254842822,-0.002395915
1.371,0.001449306260374093,-0.002411898
1.372,0.001440618049775814,-0.002427787
1.373,0.0014318729660436629,-0.002443579
1.374,0.0014230713544185693,-0.002459275
1.375,0.0014142135623730968,-0.002474874
1.3760000000000001,0.0014052999395976983,-0.002490375
1.377,0.0013963308379869458,-0.002505778
1.3780000000000001,0.0013873066116256083,-0.002521082
1.379,0.0013782276167746985,-0.002536286
1.3800000000000001,0.0013690942118573769,-0.00255139
1.381,0.0013599067574448385,-0.002566394
1.3820000000000001,0.0013506656162420494,-0.002581296
1.383,0.0013413711530734413,-0.002596096
1.3840000000000001,0.0013320237348685025,-0.002610794
1.385,0.0013226237306473035,-0.002625389
1.3860000000000001,0.0013131715115059133,-0.00263988
1.387,0.0013036674506017585,-0.002654267
1.3880000000000001,0.0012941119231388873,-0.002668549
1.389,0.0012845053063531681,-0.002682726
1.3900000000000001,0.0012748479794973794,-0.002696796
1.391,0.0012651403238262496,-0.002710761
1.3920000000000001,0.0012553827225813994,-0.002724618
1.393,0.001245575560976224,-0.002738368
1.3940000000000001,0.0012357192261806685,-0.00275201
1.395,0.0012258141073059532,-0.002765543
1.3960000000000001,0.0012158605953892089,-0.002778966
1.397,0.0012058590833780509,-0.002792281
1.3980000000000001,0.001195809966115037,-0.002805484
1.399,0.0011857136403221184,-0.002818578
1.4000000000000001,0.0011755705045849467,-0.002831559
1.401,0.0011653809593371535,-0.00284443
1.4020000000000001,0.0011551454068445342,-0.002857187
1.403,0.0011448642511891814,-0.002869832
1.4040000000000001,0.0011345378982535134,-0.002882364
1.405,0.001124166755704262,-0.002894782
1.4060000000000001,0.0011137512329763746,-0.002907086
1.407,0.0011032917412568597,-0.002919275
1.408,0.001092788693468541,-0.002931348
1.409,0.0010822425042537522,-0.002943306
1.41,0.0010716535899579945,-0.002955148
1.411,0.001061022368613467,-0.002966873
1.412,0.001050349259922594,-0.002978481
1.413,0.0010396346852414192,-0.002989971
1.414,0.0010288790675630137,-0.003001343
1.415,0.0010180828315007441,-0.003012597
1.416,0.0010072464032715239,-0.003023732
1.417,0.0009963702106789815,-0.003034747
1.418,0.0009854546830965836,-0.003045643
1.419,0.0009745002514506657,-0.003056419
1.42,0.0009635073482034324,-0.003067073
1.421,0.0009524764073358777,-0.003077607
1.422,0.0009414078643306653,-0.003088019
1.423,0.0009303021561549175,-0.00309831
1.424,0.0009191597212429772,-0.003108478
1.425,0.0009079809994790927,-0.003118523
1.426,0.0008967664321800675,-0.003128445
1.427,0.0008855164620778036,-0.003138244
1.428,0.000874231533301867,-0.003147918
1.429,0.0008629120913619166,-0.003157469
1.43,0.0008515585831301479,-0.003166895
1.431,0.0008401714568236126,-0.003176195
1.432,0.0008287511619865691,-0.003185371
1.433,0.0008172981494726997,-0.003194421
1.434,0.0008058128714273275,-0.003203344
1.435,0.000794295781269561,-0.003212141
1.436,0.0007827473336744053,-0.003220811
1.437,0.0007711679845547941,-0.003229355
1.438,0.000759558191043604,-0.00323777
1.439,0.0007479184114756001,-0.003246058
1.44,0.0007362491053693559,-0.003254218
1.441,0.0007245507334090922,-0.003262249
1.442,0.0007128237574265028,-0.003270151
1.443,0.000701068640382517,-0.003277925
1.444,0.0006892858463490337,-0.003285569
1.445,0.000677475840490583,-0.003293083
1.446,0.0006656390890459744,-0.003300467
1.447,0.0006537760593098834,-0.003307721
1.448,0.0006418872196144215,-0.003314844
1.449,0.0006299730393106096,-0.003321837
1.45,0.0006180339887498956,-0.003328698
1.451,0.0006060705392655493,-0.003335428
1.452,0.000594083163154072,-0.003342026
1.453,0.0005820723336565433,-0.003348492
1.454,0.0005700385249399525,-0.003354826
1.455,0.0005579822120784596,-0.003361028
1.456,0.0005459038710346522,-0.003367097
1.457,0.0005338039786407503,-0.003373033
1.458,0.0005216830125797938,-0.003378836
1.459,0.000509541451366765,-0.003384505
1.46,0.000497379774329711,-0.003390041
1.461,0.00048519846159081353,-0.003395443
1.462,0.0004729979940474488,-0.003400711
1.463,0.00046077885335318137,-0.003405845
1.464,0.00044854152189876336,-0.003410844
1.465,0.0004362864827930834,-0.003415709
1.466,0.00042401421984411184,-0.003420438
1.467,0.00041172521753976245,-0.003425033
1.468,0.0003994199610288146,-0.003429493
1.469,0.00038709893610172185,-0.003433817
1.47,0.0003747626291714514,-0.003438005
1.471,0.00036241152725427413,-0.003442058
1.472,0.00035004611795055223,-0.003445975
1.473,0.0003376668894254687,-0.003449756
1.474,0.0003252743303897689,-0.003453401
1.475,0.0003128689300804607,-0.003456909
1.476,0.00030045117824151386,-0.003460281
1.477,0.0002880215651045048,-0.003463516
1.478,0.0002755805813692774,-0.003466615
1.479,0.00026312871818456353,-0.003469577
1.48,0.0002506664671286078,-0.003472401
1.481,0.00023819432018973958,-0.003475089
1.482,0.00022571276974696426,-0.00347764
1.483,0.00021322230855051795,-0.003480053
1.484,0.0002007234297024322,-0.003482329
1.485,0.0001882166266370283,-0.003484467
1.486,0.00017570239310148682,-0.003486468
1.487,0.00016318122313631634,-0.003488331
1.488,0.00015065361105586744,-0.003490056
1.489,0.00013812005142881085,-0.003491644
1.49,0.00012558103905862676,-0.003493094
1.491,0.00011303706896404987,-0.003494405
1.492,0.0001004886363595407,-0.003495579
1.493,8.793623663572862e-05,-0.003496615
1.494,7.538036533986867e-05,-0.003497513
1.495,6.282151815625696e-05,-0.003498273
1.496,5.026019088667612e-05,-0.003498895
1.497,3.7696879430814744e-05,-0.003499378
1.498,2.5132079766704387e-05,-0.003499724
1.499,1.2566287931117855e-05,-0.003499931
1.5,7.347880794884119e-19,-0.0035
1.5010000000000001,-1.26E-05,-0.003499931
1.502,-2.51E-05,-0.003499724
1.5030000000000001,-3.77E-05,-0.003499378
1.504,-5.03E-05,-0.003498895
1.5050000000000001,-6.28E-05,-0.003498273
1.506,-7.54E-05,-0.003497513
1.5070000000000001,-8.79E-05,-0.003496615
1.508,-0.000100489,-0.003495579
1.5090000000000001,-0.000113037,-0.003494405
1.51,-0.000125581,-0.003493094
1.5110000000000001,-0.00013812,-0.003491644
1.512,-0.000150654,-0.003490056
1.5130000000000001,-0.000163181,-0.003488331
1.514,-0.000175702,-0.003486468
1.5150000000000001,-0.000188217,-0.003484467
1.516,-0.000200723,-0.003482329
1.5170000000000001,-0.000213222,-0.003480053
1.518,-0.000225713,-0.00347764
1.5190000000000001,-0.000238194,-0.003475089
1.52,-0.000250666,-0.003472401
1.5210000000000001,-0.000263129,-0.003469577
1.522,-0.000275581,-0.003466615
1.5230000000000001,-0.000288022,-0.003463516
1.524,-0.000300451,-0.003460281
1.5250000000000001,-0.000312869,-0.003456909
1.526,-0.000325274,-0.003453401
1.5270000000000001,-0.000337667,-0.003449756
1.528,-0.000350046,-0.003445975
1.5290000000000001,-0.000362412,-0.003442058
1.53,-0.000374763,-0.003438005
1.5310000000000001,-0.000387099,-0.003433817
1.532,-0.00039942,-0.003429493
1.5330000000000001,-0.000411725,-0.003425033
1.534,-0.000424014,-0.003420438
1.5350000000000001,-0.000436286,-0.003415709
1.536,-0.000448542,-0.003410844
1.537,-0.000460779,-0.003405845
1.538,-0.000472998,-0.003400711
1.539,-0.000485198,-0.003395443
1.54,-0.00049738,-0.003390041
1.541,-0.000509541,-0.003384505
1.542,-0.000521683,-0.003378836
1.543,-0.000533804,-0.003373033
1.544,-0.000545904,-0.003367097
1.545,-0.000557982,-0.003361028
1.546,-0.000570039,-0.003354826
1.547,-0.000582072,-0.003348492
1.548,-0.000594083,-0.003342026
1.549,-0.000606071,-0.003335428
1.55,-0.000618034,-0.003328698
1.551,-0.000629973,-0.003321837
1.552,-0.000641887,-0.003314844
1.553,-0.000653776,-0.003307721
1.554,-0.000665639,-0.003300467
1.555,-0.000677476,-0.003293083
1.556,-0.000689286,-0.003285569
1.557,-0.000701069,-0.003277925
1.558,-0.000712824,-0.003270151
1.559,-0.000724551,-0.003262249
1.56,-0.000736249,-0.003254218
1.561,-0.000747918,-0.003246058
1.562,-0.000759558,-0.00323777
1.563,-0.000771168,-0.003229355
1.564,-0.000782747,-0.003220811
1.565,-0.000794296,-0.003212141
1.566,-0.000805813,-0.003203344
1.567,-0.000817298,-0.003194421
1.568,-0.000828751,-0.003185371
1.569,-0.000840171,-0.003176195
1.57,-0.000851559,-0.003166895
1.571,-0.000862912,-0.003157469
1.572,-0.000874232,-0.003147918
1.573,-0.000885516,-0.003138244
1.574,-0.000896766,-0.003128445
1.575,-0.000907981,-0.003118523
1.576,-0.00091916,-0.003108478
1.577,-0.000930302,-0.00309831
1.578,-0.000941408,-0.003088019
1.579,-0.000952476,-0.003077607
1.58,-0.000963507,-0.003067073
1.581,-0.0009745,-0.003056419
1.582,-0.000985455,-0.003045643
1.583,-0.00099637,-0.003034747
1.584,-0.001007246,-0.003023732
1.585,-0.001018083,-0.003012597
1.586,-0.001028879,-0.003001343
1.587,-0.001039635,-0.002989971
1.588,-0.001050349,-0.002978481
1.589,-0.001061022,-0.002966873
1.59,-0.001071654,-0.002955148
1.591,-0.001082243,-0.002943306
1.592,-0.001092789,-0.002931348
1.593,-0.001103292,-0.002919275
1.594,-0.001113751,-0.002907086
1.595,-0.001124167,-0.002894782
1.596,-0.001134538,-0.002882364
1.597,-0.001144864,-0.002869832
1.598,-0.001155145,-0.002857187
1.599,-0.001165381,-0.00284443
1.6,-0.001175571,-0.002831559
1.601,-0.001185714,-0.002818578
1.602,-0.00119581,-0.002805484
1.603,-0.001205859,-0.002792281
1.604,-0.001215861,-0.002778966
1.605,-0.001225814,-0.002765543
1.606,-0.001235719,-0.00275201
1.607,-0.001245576,-0.002738368
1.608,-0.001255383,-0.002724618
1.609,-0.00126514,-0.002710761
1.61,-0.001274848,-0.002696796
1.611,-0.001284505,-0.002682726
1.612,-0.001294112,-0.002668549
1.613,-0.001303667,-0.002654267
1.614,-0.001313172,-0.00263988
1.615,-0.001322624,-0.002625389
1.616,-0.001332024,-0.002610794
1.617,-0.001341371,-0.002596096
1.618,-0.001350666,-0.002581296
1.619,-0.001359907,-0.002566394
1.62,-0.001369094,-0.00255139
1.621,-0.001378228,-0.002536286
1.622,-0.001387307,-0.002521082
1.623,-0.001396331,-0.002505778
1.624,-0.0014053,-0.002490375
1.625,-0.001414214,-0.002474874
1.6260000000000001,-0.001423071,-0.002459275
1.627,-0.001431873,-0.002443579
1.6280000000000001,-0.001440618,-0.002427787
1.629,-0.001449306,-0.002411898
1.6300000000000001,-0.001457937,-0.002395915
1.631,-0.001466511,-0.002379837
1.6320000000000001,-0.001475026,-0.002363665
1.633,-0.001483484,-0.0023474
1.6340000000000001,-0.001491882,-0.002331042
1.635,-0.001500222,-0.002314592
1.6360000000000001,-0.001508503,-0.00229805
1.637,-0.001516724,-0.002281418
1.6380000000000001,-0.001524885,-0.002264696
1.639,-0.001532986,-0.002247884
1.6400000000000001,-0.001541026,-0.002230984
1.641,-0.001549006,-0.002213996
1.6420000000000001,-0.001556925,-0.00219692
1.643,-0.001564782,-0.002179757
1.6440000000000001,-0.001572577,-0.002162509
1.645,-0.00158031,-0.002145175
1.6460000000000001,-0.001587981,-0.002127756
1.647,-0.001595589,-0.002110253
1.6480000000000001,-0.001603134,-0.002092667
1.649,-0.001610616,-0.002074999
1.6500000000000001,-0.001618034,-0.002057248
1.651,-0.001625388,-0.002039417
1.6520000000000001,-0.001632679,-0.002021504
1.653,-0.001639904,-0.002003512
1.6540000000000001,-0.001647065,-0.001985441
1.655,-0.001654161,-0.001967292
1.6560000000000001,-0.001661192,-0.001949065
1.657,-0.001668157,-0.001930761
1.6580000000000001,-0.001675056,-0.00191238
1.659,-0.001681889,-0.001893924
1.6600000000000001,-0.001688656,-0.001875394
1.661,-0.001695356,-0.001856789
1.6620000000000001,-0.001701989,-0.001838111
1.663,-0.001708555,-0.001819361
1.6640000000000001,-0.001715053,-0.001800538
1.665,-0.001721484,-0.001781645
1.666,-0.001727847,-0.001762681
1.667,-0.001734141,-0.001743648
1.668,-0.001740368,-0.001724546
1.669,-0.001746525,-0.001705375
1.67,-0.001752613,-0.001686138
1.671,-0.001758633,-0.001666834
1.672,-0.001764582,-0.001647464
1.673,-0.001770463,-0.001628029
1.674,-0.001776273,-0.00160853
1.675,-0.001782013,-0.001588967
1.676,-0.001787683,-0.001569341
1.677,-0.001793282,-0.001549654
1.678,-0.001798811,-0.001529905
1.679,-0.001804268,-0.001510096
1.68,-0.001809654,-0.001490228
1.681,-0.001814969,-0.0014703
1.682,-0.001820212,-0.001450315
1.683,-0.001825383,-0.001430272
1.684,-0.001830482,-0.001410173
1.685,-0.001835509,-0.001390018
1.686,-0.001840464,-0.001369808
1.687,-0.001845345,-0.001349544
1.688,-0.001850154,-0.001329227
1.689,-0.00185489,-0.001308857
1.69,-0.001859553,-0.001288436
1.691,-0.001864142,-0.001267964
1.692,-0.001868658,-0.001247442
1.693,-0.0018731,-0.00122687
1.694,-0.001877468,-0.00120625
1.695,-0.001881762,-0.001185583
1.696,-0.001885981,-0.001164868
1.697,-0.001890126,-0.001144108
1.698,-0.001894197,-0.001123303
1.699,-0.001898192,-0.001102453
1.7,-0.001902113,-0.001081559
1.701,-0.001905959,-0.001060623
1.702,-0.001909729,-0.001039646
1.703,-0.001913424,-0.001018627
1.704,-0.001917044,-0.000997567
1.705,-0.001920587,-0.000976469
1.706,-0.001924055,-0.000955332
1.707,-0.001927447,-0.000934157
1.708,-0.001930763,-0.000912945
1.709,-0.001934003,-0.000891698
1.71,-0.001937166,-0.000870415
1.711,-0.001940253,-0.000849097
1.712,-0.001943263,-0.000827746
1.713,-0.001946197,-0.000806363
1.714,-0.001949054,-0.000784948
1.715,-0.001951834,-0.000763501
1.716,-0.001954536,-0.000742025
1.717,-0.001957162,-0.000720519
1.718,-0.00195971,-0.000698985
1.719,-0.001962181,-0.000677423
1.72,-0.001964575,-0.000655835
1.721,-0.00196689,-0.00063422
1.722,-0.001969129,-0.000612581
1.723,-0.001971289,-0.000590917
1.724,-0.001973372,-0.00056923
1.725,-0.001975377,-0.000547521
1.726,-0.001977303,-0.00052579
1.727,-0.001979152,-0.000504038
1.728,-0.001980923,-0.000482266
1.729,-0.001982615,-0.000460475
1.73,-0.001984229,-0.000438666
1.731,-0.001985765,-0.00041684
1.732,-0.001987223,-0.000394997
1.733,-0.001988602,-0.000373139
1.734,-0.001989902,-0.000351266
1.735,-0.001991124,-0.000329379
1.736,-0.001992267,-0.000307479
1.737,-0.001993332,-0.000285567
1.738,-0.001994318,-0.000263644
1.739,-0.001995225,-0.00024171
1.74,-0.001996053,-0.000219767
1.741,-0.001996803,-0.000197815
1.742,-0.001997474,-0.000175855
1.743,-0.001998066,-0.000153888
1.744,-0.001998579,-0.000131916
1.745,-0.001999013,-0.000109938
1.746,-0.001999368,-8.80E-05
1.747,-0.001999645,-6.60E-05
1.748,-0.001999842,-4.40E-05
1.749,-0.001999961,-2.20E-05
1.75,-0.002,-1.71E-18
1.7510000000000001,-0.001999961,2.1991003879459464e-05
1.752,-0.001999842,4.398113959172967e-05
1.7530000000000001,-0.001999645,6.596953900392902e-05
1.754,-0.001999368,8.79553340516802e-05
1.7550000000000001,-0.001999013,0.00010993765677345291
1.756,-0.001998579,0.00013191563934476718
1.7570000000000001,-0.001998066,0.0001538884141125283
1.758,-0.001997474,0.00017585511362919323
1.7590000000000001,-0.001996803,0.00019781487068708424
1.76,-0.001996053,0.00021976681835259384
1.7610000000000001,-0.001995225,0.0002417100900004222
1.762,-0.001994318,0.0002636438193477651
1.7630000000000001,-0.001993332,0.00028556714048855056
1.764,-0.001992267,0.0003074791879275989
1.7650000000000001,-0.001991124,0.0003293790966148027
1.766,-0.001989902,0.00035126600197925333
1.7670000000000001,-0.001988602,0.0003731390399634096
1.768,-0.001987223,0.00039499734705718444
1.7690000000000001,-0.001985765,0.00041684006033204744
1.77,-0.001984229,0.00043866631747506066
1.7710000000000001,-0.001982615,0.0004604752568229894
1.772,-0.001980923,0.00048226601739623253
1.7730000000000001,-0.001979152,0.0005040377389328867
1.774,-0.001977303,0.0005257895619226462
1.7750000000000001,-0.001975377,0.0005475206276408095
1.776,-0.001973372,0.0005692300781820926
1.7770000000000001,-0.001971289,0.0005909170564945672
1.778,-0.001969129,0.0006125807064134635
1.7790000000000001,-0.00196689,0.0006342201726949828
1.78,-0.001964575,0.000655834601050037
1.7810000000000001,-0.001962181,0.0006774231381780104
1.782,-0.00195971,0.0006989849318004227
1.7830000000000001,-0.001957162,0.0007205191306945875
1.784,-0.001954536,0.0007420248847271927
1.7850000000000001,-0.001951834,0.000763501344887899
1.786,-0.001949054,0.000784947663322833
1.7870000000000001,-0.001946197,0.0008063629933680706
1.788,-0.001943263,0.0008277464895830325
1.7890000000000001,-0.001940253,0.0008490973077839269
1.79,-0.001937166,0.0008704146050769914
1.7910000000000001,-0.001934003,0.0008916975398918418
1.792,-0.001930763,0.0009129452720146362
1.793,-0.001927447,0.00093415696262131
1.794,-0.001924055,0.0009553317743106385
1.795,-0.001920587,0.0009764688711373013
1.796,-0.001917044,0.000997567418644914
1.797,-0.001913424,0.0010186265838989478
1.798,-0.001909729,0.0010396455355196233
1.799,-0.001905959,0.0010606234437147085
1.8,-0.001902113,0.0010815594803123144
1.801,-0.001898192,0.0011024528187935638
1.802,-0.001894197,0.0011233026343252348
1.803,-0.001890126,0.0011441081037922931
1.804,-0.001885981,0.0011648684058304523
1.805,-0.001881762,0.0011855827208585178
1.806,-0.001877468,0.0012062502311108061
1.807,-0.0018731,0.0012268701206694017
1.808,-0.001868658,0.0012474415754963773
1.809,-0.001864142,0.0012679637834659085
1.81,-0.001859553,0.00128843593439637
1.811,-0.00185489,0.0013088572200822975
1.812,-0.001850154,0.0013292268343263044
1.813,-0.001845345,0.0013495439729708872
1.814,-0.001840464,0.0013698078339302064
1.815,-0.001835509,0.001390017617221729
1.816,-0.001830482,0.0014101725249978205
1.817,-0.001825383,0.0014302717615772215
1.818,-0.001820212,0.001450314533476493
1.819,-0.001814969,0.0014703000494413194
1.82,-0.001809654,0.0014902275204777562
1.821,-0.001804268,0.0015100961598833514
1.822,-0.001798811,0.0015299051832782646
1.823,-0.001793282,0.0015496538086361535
1.824,-0.001787683,0.0015693412563151153
1.825,-0.001782013,0.0015889667490884094
1.826,-0.001776273,0.0016085295121752077
1.827,-0.001770463,0.0016280287732711029
1.828,-0.001764582,0.0016474637625786615
1.829,-0.001758633,0.0016668337128377833
1.83,-0.001752613,0.001686137859356004
1.831,-0.001746525,0.0017053754400386627
1.832,-0.001740368,0.0017245456954190187
1.833,-0.001734141,0.001743647868688215
1.834,-0.001727847,0.0017626812057251644
1.835,-0.001721484,0.0017816449551262996
1.836,-0.001715053,0.0018005383682352712
1.837,-0.001708555,0.001819360699172481
1.838,-0.001701989,0.001838111204864537
1.839,-0.001695356,0.0018567891450735645
1.84,-0.001688656,0.0018753937824264875
1.841,-0.001681889,0.0018939243824440638
1.842,-0.001675056,0.0019123802135699443
1.843,-0.001668157,0.0019307605471995022
1.844,-0.001661192,0.0019490646577086583
1.845,-0.001654161,0.001967291822482456
1.846,-0.001647065,0.0019854413219436455
1.847,-0.001639904,0.002003512439581065
1.848,-0.001632679,0.0020215044619779376
1.849,-0.001625388,0.002039416678840016
1.85,-0.001618034,0.0020572483830236543
1.851,-0.001610616,0.002074998870563705
1.852,-0.001603134,0.0020926674407013173
1.853,-0.001595589,0.002110253395911587
1.854,-0.001587981,0.002127756041931118
1.855,-0.00158031,0.002145174687785416
1.856,-0.001572577,0.0021625086458161723
1.857,-0.001564782,0.00217975723170839
1.858,-0.001556925,0.0021969197645174514
1.859,-0.001549006,0.0022139955666959344
1.86,-0.001541026,0.0022309839641204165
1.861,-0.001532986,0.002247884286118042
1.862,-0.001524885,0.0022646958654930554
1.863,-0.001516724,0.002281418038553075
1.864,-0.001508503,0.002298050145135346
1.865,-0.001500222,0.0023145915286327786
1.866,-0.001491882,0.0023310415360198815
1.867,-0.001483484,0.00234739951787852
1.868,-0.001475026,0.0023636648284235846
1.869,-0.001466511,0.0023798368255284652
1.87,-0.001457937,0.0023959148707504117
1.871,-0.001449306,0.00241189832935572
1.872,-0.001440618,0.002427786570344817
1.873,-0.001431873,0.0024435789664771527
1.874,-0.001423071,0.002459274894295974
1.875,-0.001414214,0.002474873734152913
1.8760000000000001,-0.0014053,0.002490374870232499
1.877,-0.001396331,0.002505777690576408
1.8780000000000001,-0.001387307,0.002521081587107677
1.879,-0.001378228,0.0025362859556546605
1.8800000000000001,-0.001369094,0.002551390195974941
1.881,-0.001359907,0.0025663937117789593
1.8820000000000001,-0.001350666,0.0025812959107536075
1.883,-0.001341371,0.002596096204585585
1.8840000000000001,-0.001332024,0.0026107940089846386
1.885,-0.001322624,0.0026253887437066087
1.8860000000000001,-0.001313172,0.0026398798325763624
1.887,-0.001303667,0.0026542667035105248
1.8880000000000001,-0.001294112,0.002668548788540069
1.889,-0.001284505,0.002682725523832725
1.8900000000000001,-0.001274848,0.002696796349715262
1.891,-0.00126514,0.0027107607106955675
1.8920000000000001,-0.001255383,0.0027246180554845838
1.893,-0.001245576,0.0027383678370180597
1.8940000000000001,-0.001235719,0.0027520095124781664
1.895,-0.001225814,0.002765542543314916
1.8960000000000001,-0.001215861,0.002778966395267426
1.897,-0.001205859,0.002792280538384996
1.8980000000000001,-0.00119581,0.0028054844470480687
1.899,-0.001185714,0.0028185775999889267
1.9000000000000001,-0.001175571,0.002831559480312315
1.901,-0.001165381,0.0028444295755158267
1.9020000000000001,-0.001155145,0.002857187377510145
1.903,-0.001144864,0.0028698323826390833
1.9040000000000001,-0.001134538,0.0028823640916994953
1.905,-0.001124167,0.002894782009960965
1.9060000000000001,-0.001113751,0.0029070856471853455
1.907,-0.001103292,0.0029192745176461
1.9080000000000001,-0.001092789,0.002931348140147496
1.909,-0.001082243,0.002943306038043591
1.9100000000000001,-0.001071654,0.0029551477392570544
1.911,-0.001061022,0.0029668727762977923
1.9120000000000001,-0.001050349,0.002978480686281422
1.913,-0.001039635,0.0029899710109475325
1.9140000000000001,-0.001028879,0.0030013432966777853
1.915,-0.001018083,0.003012597094513801
1.9160000000000001,-0.001007246,0.0030237319601749244
1.917,-0.00099637,0.0030347474540757154
1.9180000000000001,-0.000985455,0.003045643141343339
1.919,-0.0009745,0.0030564185918347192
1.92,-0.000963507,0.0030670733801535207
1.921,-0.000952476,0.003077607085666947
1.922,-0.000941408,0.0030880192925223362
1.923,-0.000930302,0.0030983095896635923
1.924,-0.00091916,0.003108477570847404
1.925,-0.000907981,0.003118522834659288
1.926,-0.000896766,0.0031284449845294204
1.927,-0.000885516,0.003138243628748325
1.928,-0.000874232,0.003147918380482297
1.929,-0.000862912,0.003157468857788711
1.93,-0.000851559,0.0031668946836310658
1.931,-0.000840171,0.003176195485893909
1.932,-0.000828751,0.003185370897397484
1.933,-0.000817298,0.0031944205559122584
1.934,-0.000805813,0.0032033441041732095
1.935,-0.000794296,0.003212141189893934
1.936,-0.000782747,0.0032208114657805457
1.937,-0.000771168,0.003229354589545401
1.938,-0.000759558,0.0032377702239206017
1.939,-0.000747918,0.003246058036671315
1.94,-0.000736249,0.0032542177006088797
1.941,-0.000724551,0.0032622488936037376
1.942,-0.000712824,0.003270151298598141
1.943,-0.000701069,0.003277924603618674
1.944,-0.000689286,0.0032855685017885595
1.945,-0.000677476,0.003293082691339789
1.946,-0.000665639,0.003300466875625025
1.947,-0.000653776,0.0033077207631293177
1.948,-0.000641887,0.003314844067481603
1.949,-0.000629973,0.003321836507466031
1.95,-0.000618034,0.003328697807033037
1.951,-0.000606071,0.003335427695310265
1.952,-0.000594083,0.003342025906613249
1.953,-0.000582072,0.003348492180455907
1.954,-0.000570039,0.0033548262615608155
1.955,-0.000557982,0.0033610278998693
1.956,-0.000545904,0.0033670968505512995
1.957,-0.000533804,0.0033730328740150346
1.958,-0.000521683,0.0033788357359164586
1.959,-0.000509541,0.0033845052071685222
1.96,-0.00049738,0.003390041063950208
1.961,-0.000485198,0.0033954430877153707
1.962,-0.000472998,0.003400711065201359
1.963,-0.000460779,0.003405844788437443
1.964,-0.000448542,0.0034108440547530195
1.965,-0.000436286,0.0034157086667856167
1.966,-0.000424014,0.003420438432488676
1.967,-0.000411725,0.0034250331651391524
1.968,-0.00039942,0.003429492683344864
1.969,-0.000387099,0.0034338168110516687
1.97,-0.000374763,0.00343800537755041
1.971,-0.000362412,0.003442058217483654
1.972,-0.000350046,0.0034459751708522187
1.973,-0.000337667,0.003449756083021493
1.974,-0.000325274,0.0034534008047275378
1.975,-0.000312869,0.003456909192082982
1.976,-0.000300451,0.0034602811065826988
1.977,-0.000288022,0.0034635164151092784
1.978,-0.000275581,0.0034666149899382787
1.979,-0.000263129,0.003469576708743273
1.98,-0.000250666,0.0034724014546006726
1.981,-0.000238194,0.0034750891159943476
1.982,-0.000225713,0.0034776395868200295
1.983,-0.000213222,0.003480052766389496
1.984,-0.000200723,0.00348232855943455
1.985,-0.000188217,0.00348446687611078
1.986,-0.000175702,0.0034864676320011034
1.987,-0.000163181,0.0034883307481191044
1.988,-0.000150654,0.0034900561509121483
1.989,-0.00013812,0.0034916437722642885
1.99,-0.000125581,0.0034930935494989503
1.991,-0.000113037,0.0034944054253814127
1.992,-0.000100489,0.003495579348121061
1.993,-8.79E-05,0.0034966152713734365
1.994,-7.54E-05,0.003497513154242062
1.995,-6.28E-05,0.0034982729612800605
1.996,-5.03E-05,0.0034988946624915497
1.997,-3.77E-05,0.003499378233332832
1.998,-2.51E-05,0.0034997236547133566
1.999,-1.26E-05,0.00349993091299648
